"zipcode","year","housing_price","crime","grocery","bus_stop","age","income","bachelor_rate","white_rate","black_rate","asian_rate"
60601,2000,289917.916666667,0,3,35,NA,NA,NA,NA,NA,NA
60601,2001,329389.75,1,3,35,NA,NA,NA,NA,NA,NA
60601,2002,361936.25,1,3,35,NA,NA,NA,NA,NA,NA
60601,2003,374467.833333333,0,3,35,NA,NA,NA,NA,NA,NA
60601,2004,384097.083333333,0,3,35,NA,NA,NA,NA,NA,NA
60601,2005,414549.416666667,0,3,35,NA,NA,NA,NA,NA,NA
60601,2006,446903.083333333,0,3,35,NA,NA,NA,NA,NA,NA
60601,2007,456944,0,3,35,NA,NA,NA,NA,NA,NA
60601,2008,445831.5,0,3,35,NA,NA,NA,NA,NA,NA
60601,2009,428413.083333333,0,3,35,NA,NA,NA,NA,NA,NA
60601,2010,399746.5,0,3,35,NA,NA,NA,NA,NA,NA
60601,2011,371453.583333333,0,3,35,35.3,63344,56.73,70.62,7.29,17.35
60601,2012,358551.25,0,3,35,34.5,58718,56.47,67.98,6.95,19.35
60601,2013,392439.5,0,3,35,36.6,60318,58.7,66.7,10.99,18.27
60601,2014,424540.083333333,0,4,35,37.7,57877,57.88,69.68,10.23,16.14
60601,2015,432324.25,0,4,35,36.2,62143,57.6,70.51,8.1,18.65
60601,2016,447035.666666667,1,4,35,38.3,61474,55.74,73.11,7.8,16.28
60601,2017,462125.333333333,3,4,35,37.6,71305,57.32,74.77,8.27,15.41
60601,2018,459800.833333333,3,4,35,34.9,69769,60.34,74.17,5.57,18
60601,2019,446932.833333333,2,4,35,33.6,71902,59.6,72.96,4.59,18.96
60601,2020,444492.166666667,8,4,35,NA,NA,NA,NA,NA,NA
60601,2021,459027.666666667,4,4,35,NA,NA,NA,NA,NA,NA
60602,2000,374113.583333333,0,0,20,NA,NA,NA,NA,NA,NA
60602,2001,440867.416666667,0,0,20,NA,NA,NA,NA,NA,NA
60602,2002,471559.666666667,0,0,20,NA,NA,NA,NA,NA,NA
60602,2003,475604,0,0,20,NA,NA,NA,NA,NA,NA
60602,2004,468842.583333333,0,0,20,NA,NA,NA,NA,NA,NA
60602,2005,513714.583333333,0,0,20,NA,NA,NA,NA,NA,NA
60602,2006,564353.833333333,1,0,20,NA,NA,NA,NA,NA,NA
60602,2007,582925.166666667,0,0,20,NA,NA,NA,NA,NA,NA
60602,2008,572810.666666667,0,0,20,NA,NA,NA,NA,NA,NA
60602,2009,531828.583333333,0,0,20,NA,NA,NA,NA,NA,NA
60602,2010,496304.666666667,2,0,20,NA,NA,NA,NA,NA,NA
60602,2011,482344.833333333,0,0,20,33.2,56458,56.3,73.85,1.48,19.55
60602,2012,489165.333333333,0,0,20,32.1,52807,54.61,72.16,2.72,20.12
60602,2013,512267.083333333,0,0,20,32.4,55030,46.55,72.18,2.39,21.74
60602,2014,554558.75,0,0,20,25.9,41250,54.3,78.52,1.68,15.54
60602,2015,576979.416666667,0,0,20,25.9,51806,55.1,84.7,2.32,11.13
60602,2016,592160.333333333,0,0,20,26.3,51806,57.27,73.24,2.4,23.48
60602,2017,603040.666666667,0,0,20,31.1,64773,61.47,76.43,0.86,18.17
60602,2018,600504.5,2,0,20,30.6,65167,75.24,68.17,3.78,19.45
60602,2019,568354,0,0,20,34.1,101190,75.2,64.1,4.28,21.4
60602,2020,547914.583333333,0,0,20,NA,NA,NA,NA,NA,NA
60602,2021,559412.5,3,0,20,NA,NA,NA,NA,NA,NA
60603,2000,NA,0,0,12,NA,NA,NA,NA,NA,NA
60603,2001,NA,0,0,12,NA,NA,NA,NA,NA,NA
60603,2002,NA,0,0,12,NA,NA,NA,NA,NA,NA
60603,2003,NA,0,0,12,NA,NA,NA,NA,NA,NA
60603,2004,NA,0,0,12,NA,NA,NA,NA,NA,NA
60603,2005,NA,0,0,12,NA,NA,NA,NA,NA,NA
60603,2006,NA,0,0,12,NA,NA,NA,NA,NA,NA
60603,2007,NA,0,0,12,NA,NA,NA,NA,NA,NA
60603,2008,NA,0,0,12,NA,NA,NA,NA,NA,NA
60603,2009,NA,0,0,12,NA,NA,NA,NA,NA,NA
60603,2010,NA,0,0,12,NA,NA,NA,NA,NA,NA
60603,2011,NA,1,0,12,27.2,37313,47.29,66.88,4.38,28.75
60603,2012,NA,0,0,12,27.1,39091,45.43,67.9,4.65,27.45
60603,2013,NA,2,0,12,26.1,44028,42.06,65.31,4.31,30.39
60603,2014,707833,0,1,12,26.5,53929,47.31,61.18,1,33.33
60603,2015,714629.666666667,0,1,12,27.1,57132,49.72,64.13,1.67,29.83
60603,2016,732982.833333333,1,1,12,26.3,59808,46.26,59.96,3.21,32.17
60603,2017,735533,1,1,12,26.7,65583,45.36,58.98,2.26,34.5
60603,2018,721624,1,1,12,28.9,60833,53.41,63.46,3.24,27.6
60603,2019,688114.666666667,0,1,12,31.2,65125,52.57,62.83,3.9,32.03
60603,2020,678868.916666667,2,1,12,NA,NA,NA,NA,NA,NA
60603,2021,668110.166666667,1,1,12,NA,NA,NA,NA,NA,NA
60604,2000,NA,0,0,15,NA,NA,NA,NA,NA,NA
60604,2001,NA,0,0,15,NA,NA,NA,NA,NA,NA
60604,2002,NA,0,0,15,NA,NA,NA,NA,NA,NA
60604,2003,NA,0,0,15,NA,NA,NA,NA,NA,NA
60604,2004,NA,0,0,15,NA,NA,NA,NA,NA,NA
60604,2005,NA,1,0,15,NA,NA,NA,NA,NA,NA
60604,2006,NA,0,0,15,NA,NA,NA,NA,NA,NA
60604,2007,NA,0,0,15,NA,NA,NA,NA,NA,NA
60604,2008,NA,0,0,15,NA,NA,NA,NA,NA,NA
60604,2009,NA,0,0,15,NA,NA,NA,NA,NA,NA
60604,2010,NA,0,0,15,NA,NA,NA,NA,NA,NA
60604,2011,NA,1,0,15,51.9,76250,65.39,82.95,0,10.43
60604,2012,NA,0,0,15,52.6,89375,70.79,82.01,0,12.85
60604,2013,NA,0,0,15,54,88542,71.33,81.69,0,16.39
60604,2014,465780.666666667,1,0,15,52.4,92188,59.19,77.8,3.1,16.23
60604,2015,470655.75,0,0,15,46.4,101597,66.06,69.72,2.2,26.97
60604,2016,482294.916666667,3,0,15,44.6,101597,60.1,61.55,4.52,33.93
60604,2017,505848.583333333,1,0,15,40.6,91250,52.99,62.57,6.29,31.14
60604,2018,511840.5,1,0,15,32.4,86250,49.74,63.43,5.63,29.67
60604,2019,484349.833333333,0,0,15,32.2,72333,57.35,64.64,4.98,29.16
60604,2020,490870.333333333,6,0,15,NA,NA,NA,NA,NA,NA
60604,2021,508684,3,0,15,NA,NA,NA,NA,NA,NA
60605,2000,255821,2,2,88,NA,NA,NA,NA,NA,NA
60605,2001,293899.083333333,1,2,88,NA,NA,NA,NA,NA,NA
60605,2002,318867.5,0,2,88,NA,NA,NA,NA,NA,NA
60605,2003,330292.5,0,2,88,NA,NA,NA,NA,NA,NA
60605,2004,343226.25,1,2,88,NA,NA,NA,NA,NA,NA
60605,2005,371052.916666667,0,2,88,NA,NA,NA,NA,NA,NA
60605,2006,397293.25,0,2,88,NA,NA,NA,NA,NA,NA
60605,2007,401946.25,0,2,88,NA,NA,NA,NA,NA,NA
60605,2008,386854.75,2,2,88,NA,NA,NA,NA,NA,NA
60605,2009,356536.583333333,2,2,88,NA,NA,NA,NA,NA,NA
60605,2010,334412.666666667,0,2,88,NA,NA,NA,NA,NA,NA
60605,2011,318528.416666667,1,2,88,34.7,51532,51.83,58.27,22.02,14.52
60605,2012,308893.75,0,2,88,33.9,49287,51.68,57.75,21.49,16.14
60605,2013,337043.166666667,3,2,88,33.1,52584,52.77,60.47,18.28,16.64
60605,2014,366749.916666667,1,3,88,33.3,53316,51.77,58.92,19.69,16.54
60605,2015,375354.333333333,3,3,88,32.7,59659,50.89,59.52,19.3,15.74
60605,2016,385945.5,3,3,88,32.8,59659,53.06,58.63,17.83,18.78
60605,2017,394659.5,1,3,88,33.6,64038,53.17,60.38,17.68,16.88
60605,2018,396493.5,8,3,88,33.9,64506,52.47,61.2,17.18,16.1
60605,2019,387850.583333333,2,3,88,33.6,65876,52.92,63.21,15.32,15.06
60605,2020,392866.333333333,8,3,88,NA,NA,NA,NA,NA,NA
60605,2021,405119.5,20,3,88,NA,NA,NA,NA,NA,NA
60606,2000,247038.75,0,0,29,NA,NA,NA,NA,NA,NA
60606,2001,296196.25,0,0,29,NA,NA,NA,NA,NA,NA
60606,2002,312701,1,0,29,NA,NA,NA,NA,NA,NA
60606,2003,322421.583333333,0,0,29,NA,NA,NA,NA,NA,NA
60606,2004,329902.166666667,0,0,29,NA,NA,NA,NA,NA,NA
60606,2005,357449.416666667,0,0,29,NA,NA,NA,NA,NA,NA
60606,2006,374442.666666667,0,0,29,NA,NA,NA,NA,NA,NA
60606,2007,368128.916666667,0,0,29,NA,NA,NA,NA,NA,NA
60606,2008,354731.416666667,0,0,29,NA,NA,NA,NA,NA,NA
60606,2009,331059.166666667,0,0,29,NA,NA,NA,NA,NA,NA
60606,2010,319524.166666667,0,0,29,NA,NA,NA,NA,NA,NA
60606,2011,298486.583333333,0,0,29,33,63381,65.99,88.27,2.07,6.74
60606,2012,284108.25,0,0,29,30.9,64272,70.36,84.12,2.08,10.96
60606,2013,316404.75,1,0,29,30.9,65625,70.24,83.43,1.86,13.23
60606,2014,347264.583333333,0,0,29,30.7,67838,73.06,82.29,2.25,14.44
60606,2015,355367.25,0,0,29,31.5,67676,74.11,76.57,2.39,19.95
60606,2016,374060.166666667,0,0,29,33,76344,72.83,76.75,2.39,16.94
60606,2017,387535,1,0,29,35.2,90577,72.63,75.53,2.57,14.6
60606,2018,394037.916666667,1,0,29,37.2,96226,73.81,72.75,2.35,18.09
60606,2019,377021.916666667,0,0,29,36.3,103766,74.87,70.52,1.76,20.29
60606,2020,377223.333333333,0,0,29,NA,NA,NA,NA,NA,NA
60606,2021,382928.25,2,0,29,NA,NA,NA,NA,NA,NA
60607,2000,229715.5,3,4,128,NA,NA,NA,NA,NA,NA
60607,2001,261117.666666667,4,4,128,NA,NA,NA,NA,NA,NA
60607,2002,282440.25,0,4,128,NA,NA,NA,NA,NA,NA
60607,2003,297472.25,0,4,128,NA,NA,NA,NA,NA,NA
60607,2004,316334,2,4,128,NA,NA,NA,NA,NA,NA
60607,2005,340866.083333333,1,4,128,NA,NA,NA,NA,NA,NA
60607,2006,362303.916666667,3,4,128,NA,NA,NA,NA,NA,NA
60607,2007,361022.666666667,0,4,128,NA,NA,NA,NA,NA,NA
60607,2008,349730.25,1,4,128,NA,NA,NA,NA,NA,NA
60607,2009,323171.083333333,3,4,128,NA,NA,NA,NA,NA,NA
60607,2010,309537.083333333,5,4,128,NA,NA,NA,NA,NA,NA
60607,2011,291466,8,4,128,30.8,46992,47.31,59.12,18.89,16.7
60607,2012,281499.583333333,5,4,128,30.9,48175,47.72,57.05,17.47,19.15
60607,2013,311576.333333333,9,4,128,30.6,47557,50.3,57.9,16.87,18.94
60607,2014,341573.833333333,8,3,128,30.3,49760,49.84,60.83,15.13,18.93
60607,2015,354039.916666667,8,3,128,30.3,50125,49.22,60.33,14.31,20.06
60607,2016,374541.916666667,13,3,128,30.5,51783,49.92,58.99,14.01,21.14
60607,2017,401187.333333333,7,3,128,30.1,53690,50.24,60.14,12.72,22.12
60607,2018,410489.25,5,3,128,30.1,56126,48.61,58.17,14.51,22.58
60607,2019,403634.916666667,5,3,128,30.2,60709,50.61,58.52,14.34,21.66
60607,2020,407466.5,10,3,128,NA,NA,NA,NA,NA,NA
60607,2021,423020.083333333,20,3,128,NA,NA,NA,NA,NA,NA
60608,2000,167085.083333333,32,17,320,NA,NA,NA,NA,NA,NA
60608,2001,190887.5,27,17,320,NA,NA,NA,NA,NA,NA
60608,2002,215905.333333333,29,17,320,NA,NA,NA,NA,NA,NA
60608,2003,233169.083333333,21,17,320,NA,NA,NA,NA,NA,NA
60608,2004,260039.666666667,18,17,320,NA,NA,NA,NA,NA,NA
60608,2005,289716.833333333,7,17,320,NA,NA,NA,NA,NA,NA
60608,2006,320566.166666667,14,17,320,NA,NA,NA,NA,NA,NA
60608,2007,329002.25,11,17,320,NA,NA,NA,NA,NA,NA
60608,2008,309587.916666667,14,17,320,NA,NA,NA,NA,NA,NA
60608,2009,273351.666666667,17,17,320,NA,NA,NA,NA,NA,NA
60608,2010,245675,74,17,320,NA,NA,NA,NA,NA,NA
60608,2011,214491,85,17,320,31,18051,10.5,40.38,16.48,8.52
60608,2012,194225.166666667,76,18,320,30.9,18211,10.88,44.56,16.02,9.06
60608,2013,210415.583333333,70,18,320,31.3,18410,11.79,44.56,16.29,9.68
60608,2014,230874.833333333,65,14,320,31.3,19207,12.54,46.44,17.34,9.46
60608,2015,243806.333333333,68,14,320,31.7,20111,13.41,47.04,16.43,9.72
60608,2016,261028.583333333,101,14,320,31.6,21329,15,47.92,17.76,10.7
60608,2017,277020,101,14,320,32.2,22448,16.4,47.17,17.94,11.05
60608,2018,295065.166666667,64,14,320,32.4,24325,17.18,44.61,17.65,12.09
60608,2019,299602.083333333,66,14,320,32.6,26557,18.92,45.04,17,12.47
60608,2020,302430.333333333,127,14,320,NA,NA,NA,NA,NA,NA
60608,2021,325228.083333333,118,14,320,NA,NA,NA,NA,NA,NA
60609,2000,134337.25,47,18,387,NA,NA,NA,NA,NA,NA
60609,2001,149192.083333333,38,18,387,NA,NA,NA,NA,NA,NA
60609,2002,159741,28,18,387,NA,NA,NA,NA,NA,NA
60609,2003,179685,39,18,387,NA,NA,NA,NA,NA,NA
60609,2004,204308,20,18,387,NA,NA,NA,NA,NA,NA
60609,2005,227286.75,17,18,387,NA,NA,NA,NA,NA,NA
60609,2006,252052.416666667,21,18,387,NA,NA,NA,NA,NA,NA
60609,2007,257848.083333333,21,18,387,NA,NA,NA,NA,NA,NA
60609,2008,245560.666666667,17,18,387,NA,NA,NA,NA,NA,NA
60609,2009,202425.166666667,13,18,387,NA,NA,NA,NA,NA,NA
60609,2010,159722.916666667,123,18,387,NA,NA,NA,NA,NA,NA
60609,2011,132355.333333333,108,18,387,29.4,18855,5.52,42.88,29.06,3.57
60609,2012,118623.333333333,170,20,387,29.1,18605,5.77,46.02,28.8,3.79
60609,2013,118703.416666667,102,20,387,30.4,17638,5.82,47.49,28.51,4.51
60609,2014,123399.666666667,107,5,387,30.7,17308,6.4,47.76,26.43,5.28
60609,2015,132946.5,156,5,387,31.4,18157,6.72,48.32,24.69,5.4
60609,2016,144191.583333333,210,5,387,31.6,19004,6.77,46.94,24.05,5.46
60609,2017,153029.833333333,129,5,387,32.3,19941,7.49,47.55,23.98,6.16
60609,2018,176938,114,5,387,31.7,20840,7.75,44.72,24.71,6.3
60609,2019,187146.666666667,88,5,387,32.3,21759,8.37,43.85,25.08,6.23
60609,2020,193116,142,5,387,NA,NA,NA,NA,NA,NA
60609,2021,217997.75,190,5,387,NA,NA,NA,NA,NA,NA
60610,2000,288366.916666667,9,11,110,NA,NA,NA,NA,NA,NA
60610,2001,331460.25,8,11,110,NA,NA,NA,NA,NA,NA
60610,2002,359089.5,11,11,110,NA,NA,NA,NA,NA,NA
60610,2003,371648.416666667,7,11,110,NA,NA,NA,NA,NA,NA
60610,2004,385694.75,8,11,110,NA,NA,NA,NA,NA,NA
60610,2005,411399.666666667,8,11,110,NA,NA,NA,NA,NA,NA
60610,2006,434053.833333333,4,11,110,NA,NA,NA,NA,NA,NA
60610,2007,433500.916666667,2,11,110,NA,NA,NA,NA,NA,NA
60610,2008,423310.25,4,11,110,NA,NA,NA,NA,NA,NA
60610,2009,393820,1,11,110,NA,NA,NA,NA,NA,NA
60610,2010,380311.083333333,15,11,110,NA,NA,NA,NA,NA,NA
60610,2011,355677.583333333,3,11,110,34.5,49293,46.78,71.03,19.37,6.81
60610,2012,342423.833333333,14,11,110,34.6,52660,47.13,72.61,16.81,7.79
60610,2013,373910.75,14,11,110,34.3,51900,48.07,72.15,17.41,7.15
60610,2014,406526,10,7,110,33.7,52184,48.82,73.75,16.62,6.28
60610,2015,416684.75,10,7,110,33.1,52046,48.44,73.69,15.85,6.6
60610,2016,427050.583333333,15,7,110,34.1,57359,49.84,74.24,15.54,6.63
60610,2017,437664.083333333,17,7,110,33.7,59927,50.53,73.32,17.08,6.44
60610,2018,439820.166666667,15,7,110,33.6,63498,52.48,73.82,14.96,8.17
60610,2019,427238.5,20,7,110,33.4,66991,52.52,72.34,14.9,8.79
60610,2020,427185.083333333,15,7,110,NA,NA,NA,NA,NA,NA
60610,2021,438450.75,34,7,110,NA,NA,NA,NA,NA,NA
60611,2000,342028.75,0,5,85,NA,NA,NA,NA,NA,NA
60611,2001,387817.75,0,5,85,NA,NA,NA,NA,NA,NA
60611,2002,422211.666666667,0,5,85,NA,NA,NA,NA,NA,NA
60611,2003,436476.583333333,0,5,85,NA,NA,NA,NA,NA,NA
60611,2004,452652,0,5,85,NA,NA,NA,NA,NA,NA
60611,2005,483820.166666667,0,5,85,NA,NA,NA,NA,NA,NA
60611,2006,514152,0,5,85,NA,NA,NA,NA,NA,NA
60611,2007,519227.666666667,0,5,85,NA,NA,NA,NA,NA,NA
60611,2008,503703.916666667,0,5,85,NA,NA,NA,NA,NA,NA
60611,2009,474355.583333333,0,5,85,NA,NA,NA,NA,NA,NA
60611,2010,446543.333333333,1,5,85,NA,NA,NA,NA,NA,NA
60611,2011,416850.166666667,0,5,85,45.1,62356,55.01,80.13,3.63,12.82
60611,2012,404870,3,5,85,42.9,65089,57.45,78.61,3.18,14.92
60611,2013,441062.5,6,5,85,39.5,64987,57.72,77.87,3.75,15.22
60611,2014,473735.583333333,1,4,85,37.6,65431,57.49,75.83,4.02,15.74
60611,2015,477186.5,3,4,85,38.4,68381,58.84,75.05,4.08,17.38
60611,2016,483813.583333333,8,4,85,38.9,70959,57.69,76.27,3.19,17.12
60611,2017,494116,4,4,85,40,72100,55.23,76.18,3.32,16.81
60611,2018,490567.666666667,4,4,85,38.9,75026,55.93,74.9,2.75,17.91
60611,2019,476628.166666667,7,4,85,38.9,78263,56.28,75.07,2.91,18.68
60611,2020,474737.333333333,17,4,85,NA,NA,NA,NA,NA,NA
60611,2021,481937.666666667,14,4,85,NA,NA,NA,NA,NA,NA
60612,2000,192719.333333333,15,4,296,NA,NA,NA,NA,NA,NA
60612,2001,217128.833333333,20,4,296,NA,NA,NA,NA,NA,NA
60612,2002,236930.5,20,4,296,NA,NA,NA,NA,NA,NA
60612,2003,264781.583333333,19,4,296,NA,NA,NA,NA,NA,NA
60612,2004,285161.333333333,9,4,296,NA,NA,NA,NA,NA,NA
60612,2005,321086.75,9,4,296,NA,NA,NA,NA,NA,NA
60612,2006,352308.25,12,4,296,NA,NA,NA,NA,NA,NA
60612,2007,359443.75,11,4,296,NA,NA,NA,NA,NA,NA
60612,2008,338751.333333333,12,4,296,NA,NA,NA,NA,NA,NA
60612,2009,290171.75,7,4,296,NA,NA,NA,NA,NA,NA
60612,2010,256095,45,4,296,NA,NA,NA,NA,NA,NA
60612,2011,205297.25,38,4,296,30.6,23381,18.26,27.08,60.39,5.19
60612,2012,172302.333333333,86,4,296,30.3,22604,19.22,25.76,62.9,5.13
60612,2013,182492.25,67,4,296,30.6,22462,19.11,27.05,61.51,4.43
60612,2014,204982.333333333,67,1,296,30.8,22204,19.12,27.87,61.22,4.07
60612,2015,223676.166666667,90,1,296,30.5,21786,18.79,25.26,63.95,3.93
60612,2016,244250.5,157,1,296,31.1,21962,19.61,24.96,63.43,4
60612,2017,267318.916666667,138,1,296,31.3,22457,19.69,25.63,62.21,4.28
60612,2018,285771.166666667,107,1,296,31.6,24183,21.43,27.72,60.48,4.65
60612,2019,289511.916666667,98,1,296,32.5,25737,22.25,29.35,59.65,4.42
60612,2020,297210.75,155,1,296,NA,NA,NA,NA,NA,NA
60612,2021,320869.5,172,1,296,NA,NA,NA,NA,NA,NA
60613,2000,235215.416666667,2,9,153,NA,NA,NA,NA,NA,NA
60613,2001,271367.583333333,1,9,153,NA,NA,NA,NA,NA,NA
60613,2002,296292.833333333,5,9,153,NA,NA,NA,NA,NA,NA
60613,2003,311272.416666667,1,9,153,NA,NA,NA,NA,NA,NA
60613,2004,326577.083333333,1,9,153,NA,NA,NA,NA,NA,NA
60613,2005,347486.25,1,9,153,NA,NA,NA,NA,NA,NA
60613,2006,363019.833333333,0,9,153,NA,NA,NA,NA,NA,NA
60613,2007,361694.833333333,2,9,153,NA,NA,NA,NA,NA,NA
60613,2008,345394.5,1,9,153,NA,NA,NA,NA,NA,NA
60613,2009,315245.5,0,9,153,NA,NA,NA,NA,NA,NA
60613,2010,304659.583333333,2,9,153,NA,NA,NA,NA,NA,NA
60613,2011,279987,3,9,153,31.8,44685,49.41,81.71,6.4,6.53
60613,2012,266848.5,5,9,153,31.9,45176,51.23,81.89,6.62,6.85
60613,2013,284404.333333333,2,9,153,31.5,45749,52.88,83.45,6.09,5.85
60613,2014,305243.833333333,6,5,153,31.6,46359,53.05,82.42,6.63,6.65
60613,2015,310892.5,3,5,153,31.9,47166,53.92,83.64,6.19,5.4
60613,2016,321510.916666667,8,5,153,32.1,49334,52.78,82.78,5.84,5.92
60613,2017,336045.583333333,1,5,153,32.2,51146,52.15,83.37,5.76,5.89
60613,2018,341825.666666667,1,5,153,33.1,54111,52.77,81.9,5.79,6.6
60613,2019,339624.416666667,2,5,153,33.6,56217,53.59,81.74,6.01,6.98
60613,2020,341988.75,5,5,153,NA,NA,NA,NA,NA,NA
60613,2021,360516.166666667,4,5,153,NA,NA,NA,NA,NA,NA
60614,2000,418722.333333333,1,11,184,NA,NA,NA,NA,NA,NA
60614,2001,469150.916666667,1,11,184,NA,NA,NA,NA,NA,NA
60614,2002,502296.583333333,1,11,184,NA,NA,NA,NA,NA,NA
60614,2003,526657.75,3,11,184,NA,NA,NA,NA,NA,NA
60614,2004,546692.916666667,1,11,184,NA,NA,NA,NA,NA,NA
60614,2005,580377.333333333,1,11,184,NA,NA,NA,NA,NA,NA
60614,2006,612473.083333333,0,11,184,NA,NA,NA,NA,NA,NA
60614,2007,615592.166666667,1,11,184,NA,NA,NA,NA,NA,NA
60614,2008,590309.916666667,0,11,184,NA,NA,NA,NA,NA,NA
60614,2009,545500.833333333,2,11,184,NA,NA,NA,NA,NA,NA
60614,2010,527284.25,3,11,184,NA,NA,NA,NA,NA,NA
60614,2011,494970.916666667,3,11,184,30.4,52090,53.33,87.3,4.03,5.67
60614,2012,480903.083333333,4,11,184,30.1,52129,52.61,86.85,4.03,5.75
60614,2013,523116.916666667,2,11,184,29.8,52483,52.79,87.6,3.9,5.05
60614,2014,564140.333333333,3,11,184,30,53304,53.29,86.93,3.98,5.52
60614,2015,584476.166666667,4,11,184,30.1,55429,53.74,86.12,4.45,5.77
60614,2016,605194.666666667,1,11,184,30.1,57483,53.56,85.51,4.16,6.42
60614,2017,620764.75,7,11,184,30.2,60365,54.4,84.99,4.3,6.93
60614,2018,628044,4,11,184,30.3,63997,55.15,84.61,4.01,7.45
60614,2019,621029.75,15,11,184,30.5,67213,55.15,83.96,4.28,7.29
60614,2020,618754.833333333,8,11,184,NA,NA,NA,NA,NA,NA
60614,2021,645705.416666667,20,11,184,NA,NA,NA,NA,NA,NA
60615,2000,173545.666666667,6,3,152,NA,NA,NA,NA,NA,NA
60615,2001,191231,10,3,152,NA,NA,NA,NA,NA,NA
60615,2002,210952.916666667,5,3,152,NA,NA,NA,NA,NA,NA
60615,2003,230369.333333333,6,3,152,NA,NA,NA,NA,NA,NA
60615,2004,249858.833333333,6,3,152,NA,NA,NA,NA,NA,NA
60615,2005,273599,10,3,152,NA,NA,NA,NA,NA,NA
60615,2006,296525.416666667,5,3,152,NA,NA,NA,NA,NA,NA
60615,2007,302946.416666667,7,3,152,NA,NA,NA,NA,NA,NA
60615,2008,292761.166666667,12,3,152,NA,NA,NA,NA,NA,NA
60615,2009,255878.416666667,8,3,152,NA,NA,NA,NA,NA,NA
60615,2010,241298.416666667,45,3,152,NA,NA,NA,NA,NA,NA
60615,2011,206012.416666667,49,3,152,33.6,25971,30.91,26.87,61.5,6.73
60615,2012,181951.916666667,47,4,152,33.8,26437,29.99,26.91,61.67,6.22
60615,2013,192135.833333333,43,4,152,33.9,26691,30.74,27,60.71,7.3
60615,2014,204196.333333333,28,5,152,32.9,27125,30.76,26.4,59.66,8.35
60615,2015,203967.666666667,55,5,152,33.1,27230,30.34,27.32,58.4,8.08
60615,2016,216347.25,54,5,152,33.5,29394,30.84,28.32,57.85,8.17
60615,2017,234368.5,42,5,152,33.9,29612,31.41,28.89,56.41,9
60615,2018,244107.333333333,40,5,152,33.8,30850,32.45,30.1,55.22,8.09
60615,2019,247654.666666667,28,5,152,35.3,32746,34.16,31.08,54.81,8.6
60615,2020,253787.75,32,5,152,NA,NA,NA,NA,NA,NA
60615,2021,279674,57,5,152,NA,NA,NA,NA,NA,NA
60616,2000,195990.25,5,7,228,NA,NA,NA,NA,NA,NA
60616,2001,216831.583333333,9,7,228,NA,NA,NA,NA,NA,NA
60616,2002,244556.416666667,11,7,228,NA,NA,NA,NA,NA,NA
60616,2003,273529.75,10,7,228,NA,NA,NA,NA,NA,NA
60616,2004,301496.083333333,6,7,228,NA,NA,NA,NA,NA,NA
60616,2005,330597.75,5,7,228,NA,NA,NA,NA,NA,NA
60616,2006,350950.25,6,7,228,NA,NA,NA,NA,NA,NA
60616,2007,355659.5,5,7,228,NA,NA,NA,NA,NA,NA
60616,2008,348840.083333333,2,7,228,NA,NA,NA,NA,NA,NA
60616,2009,320374.083333333,3,7,228,NA,NA,NA,NA,NA,NA
60616,2010,297290.75,7,7,228,NA,NA,NA,NA,NA,NA
60616,2011,270091.416666667,10,7,228,36.1,22031,23.85,28.44,26.39,37.51
60616,2012,250192.916666667,12,8,228,36,21390,24.16,29.01,25.52,37.32
60616,2013,275562.75,2,8,228,35.8,22184,24.48,28.58,24.16,39.1
60616,2014,302162.083333333,8,6,228,36.1,21989,24.4,28.54,25.39,39.09
60616,2015,310846.666666667,18,6,228,36,23176,25.3,27.1,25.14,40.89
60616,2016,325200.5,26,6,228,36.2,23176,26.24,27.65,25.5,40.71
60616,2017,336059.666666667,18,6,228,36.5,25657,27.84,27.98,25.44,40.65
60616,2018,344520.916666667,21,6,228,36.8,26283,28.61,28.77,25.02,40.5
60616,2019,348461.25,24,6,228,38,29646,31.36,31.47,23.65,39.51
60616,2020,352547.5,44,6,228,NA,NA,NA,NA,NA,NA
60616,2021,370626,43,6,228,NA,NA,NA,NA,NA,NA
60617,2000,93653.0833333333,24,13,418,NA,NA,NA,NA,NA,NA
60617,2001,99925,32,13,418,NA,NA,NA,NA,NA,NA
60617,2002,107246.166666667,25,13,418,NA,NA,NA,NA,NA,NA
60617,2003,113951.333333333,25,13,418,NA,NA,NA,NA,NA,NA
60617,2004,124079.083333333,19,13,418,NA,NA,NA,NA,NA,NA
60617,2005,138775.666666667,12,13,418,NA,NA,NA,NA,NA,NA
60617,2006,154778.25,25,13,418,NA,NA,NA,NA,NA,NA
60617,2007,161290.5,18,13,418,NA,NA,NA,NA,NA,NA
60617,2008,150482.75,29,13,418,NA,NA,NA,NA,NA,NA
60617,2009,131481.083333333,30,13,418,NA,NA,NA,NA,NA,NA
60617,2010,119104.416666667,136,13,418,NA,NA,NA,NA,NA,NA
60617,2011,103635.916666667,134,13,418,34.9,21161,8.37,29.89,54.34,0.29
60617,2012,85380.5,137,14,418,35.7,21455,8.53,33.41,54.81,0.29
60617,2013,85039.0833333333,116,14,418,36.1,20911,8.45,33.62,55.51,0.36
60617,2014,88103.0833333333,165,8,418,36.4,21336,7.94,35.91,54.49,0.23
60617,2015,95979.25,96,8,418,36.3,21156,8.28,36.24,56.16,0.18
60617,2016,107584.083333333,130,8,418,37.5,21310,8.09,36.93,56.6,0.11
60617,2017,119580.833333333,128,8,418,37.7,21709,8.29,38.04,56.08,0.11
60617,2018,127420.5,85,8,418,37,23162,7.92,38.04,55.8,0.2
60617,2019,131901.916666667,107,8,418,36,24162,8.63,36.86,56.69,0.26
60617,2020,136364.25,180,8,418,NA,NA,NA,NA,NA,NA
60617,2021,158959.416666667,177,8,418,NA,NA,NA,NA,NA,NA
60618,2000,271084.916666667,12,17,283,NA,NA,NA,NA,NA,NA
60618,2001,319801.5,12,17,283,NA,NA,NA,NA,NA,NA
60618,2002,347528.666666667,17,17,283,NA,NA,NA,NA,NA,NA
60618,2003,376292.25,12,17,283,NA,NA,NA,NA,NA,NA
60618,2004,409665.75,10,17,283,NA,NA,NA,NA,NA,NA
60618,2005,454124.5,4,17,283,NA,NA,NA,NA,NA,NA
60618,2006,483168.083333333,11,17,283,NA,NA,NA,NA,NA,NA
60618,2007,487237.833333333,3,17,283,NA,NA,NA,NA,NA,NA
60618,2008,463451.083333333,8,17,283,NA,NA,NA,NA,NA,NA
60618,2009,409225.833333333,3,17,283,NA,NA,NA,NA,NA,NA
60618,2010,379524.333333333,33,17,283,NA,NA,NA,NA,NA,NA
60618,2011,351490.25,36,17,283,32.7,29041,25.3,67.23,2.8,5.23
60618,2012,339754.333333333,28,17,283,32.5,29176,24.7,72.41,2.71,4.73
60618,2013,378114.75,22,17,283,32.9,29899,25.35,77.87,2.44,4.18
60618,2014,415018.25,16,9,283,33.3,30089,26.22,79.92,2.44,5
60618,2015,427622.75,22,9,283,33.5,30168,26.35,80.53,2.23,5.55
60618,2016,449349.166666667,30,9,283,33.8,31453,28.06,81.47,2.52,5.85
60618,2017,466402.5,14,9,283,34.1,32477,29.75,80.85,2.46,6.45
60618,2018,473417.75,39,9,283,34.4,35993,31.25,78.77,2.4,6.17
60618,2019,465896.083333333,26,9,283,34.4,39271,31.97,76.27,2.89,6.18
60618,2020,472152.833333333,40,9,283,NA,NA,NA,NA,NA,NA
60618,2021,504827.416666667,34,9,283,NA,NA,NA,NA,NA,NA
60619,2000,105286.25,20,9,314,NA,NA,NA,NA,NA,NA
60619,2001,113486.583333333,33,9,314,NA,NA,NA,NA,NA,NA
60619,2002,122370.416666667,40,9,314,NA,NA,NA,NA,NA,NA
60619,2003,130061.5,27,9,314,NA,NA,NA,NA,NA,NA
60619,2004,142069.5,14,9,314,NA,NA,NA,NA,NA,NA
60619,2005,158289.833333333,29,9,314,NA,NA,NA,NA,NA,NA
60619,2006,174440.25,32,9,314,NA,NA,NA,NA,NA,NA
60619,2007,186245.083333333,34,9,314,NA,NA,NA,NA,NA,NA
60619,2008,178916.083333333,30,9,314,NA,NA,NA,NA,NA,NA
60619,2009,149214,28,9,314,NA,NA,NA,NA,NA,NA
60619,2010,135068.416666667,152,9,314,NA,NA,NA,NA,NA,NA
60619,2011,124643.916666667,130,9,314,39.9,22787,12.63,0.68,97.72,0.15
60619,2012,108586.333333333,168,10,314,39.4,21871,12.02,0.75,97.65,0.15
60619,2013,105038.333333333,144,10,314,39.4,22123,12.41,0.89,97.43,0.2
60619,2014,111503.5,130,4,314,39.4,21347,12.66,0.83,97.19,0.25
60619,2015,116181.75,148,4,314,39.8,20933,11.25,1.2,96.92,0.32
60619,2016,128224.916666667,202,4,314,39.1,20949,11.9,1.33,96.74,0.22
60619,2017,145441.583333333,170,4,314,39.4,21527,12.54,1.52,96.34,0.24
60619,2018,153045.666666667,154,4,314,41.3,22693,12.68,1.63,96.08,0.32
60619,2019,162239.083333333,134,4,314,40.9,23305,13.31,1.8,95.72,0.24
60619,2020,159222.25,238,4,314,NA,NA,NA,NA,NA,NA
60619,2021,185116.25,273,4,314,NA,NA,NA,NA,NA,NA
60620,2000,118338.416666667,23,17,314,NA,NA,NA,NA,NA,NA
60620,2001,126457.75,33,17,314,NA,NA,NA,NA,NA,NA
60620,2002,136552.083333333,26,17,314,NA,NA,NA,NA,NA,NA
60620,2003,145866.916666667,28,17,314,NA,NA,NA,NA,NA,NA
60620,2004,159632.666666667,29,17,314,NA,NA,NA,NA,NA,NA
60620,2005,176504.25,18,17,314,NA,NA,NA,NA,NA,NA
60620,2006,194156,26,17,314,NA,NA,NA,NA,NA,NA
60620,2007,199311.5,23,17,314,NA,NA,NA,NA,NA,NA
60620,2008,196790.583333333,24,17,314,NA,NA,NA,NA,NA,NA
60620,2009,167509.916666667,26,17,314,NA,NA,NA,NA,NA,NA
60620,2010,157747.083333333,167,17,314,NA,NA,NA,NA,NA,NA
60620,2011,138742,157,17,314,36.6,18961,6.7,0.97,97.96,0.14
60620,2012,122314.916666667,155,17,314,37.6,18374,6.61,0.87,97.85,0.12
60620,2013,120037.916666667,138,17,314,38.2,17492,7.31,1.08,96.93,0.17
60620,2014,120308,145,11,314,38.6,18297,8.26,1.2,96.86,0.2
60620,2015,125457.75,176,11,314,39.6,18720,8.88,1.56,96.34,0.23
60620,2016,137381.333333333,241,11,314,39.6,19580,9.51,1.35,96.6,0.28
60620,2017,148889.916666667,179,11,314,40.3,20079,9.76,1.59,96.16,0.28
60620,2018,156877.583333333,168,11,314,40.8,21467,9.47,1.66,96.41,0.4
60620,2019,157345.666666667,180,11,314,40.3,22018,9.3,2.12,95.69,0.44
60620,2020,161009.666666667,259,11,314,NA,NA,NA,NA,NA,NA
60620,2021,189619.583333333,281,11,314,NA,NA,NA,NA,NA,NA
60621,2000,98567.1666666667,22,7,239,NA,NA,NA,NA,NA,NA
60621,2001,104823.5,30,7,239,NA,NA,NA,NA,NA,NA
60621,2002,108592.583333333,36,7,239,NA,NA,NA,NA,NA,NA
60621,2003,110541.25,24,7,239,NA,NA,NA,NA,NA,NA
60621,2004,119415.916666667,28,7,239,NA,NA,NA,NA,NA,NA
60621,2005,139262.083333333,20,7,239,NA,NA,NA,NA,NA,NA
60621,2006,156114.333333333,15,7,239,NA,NA,NA,NA,NA,NA
60621,2007,167131.583333333,25,7,239,NA,NA,NA,NA,NA,NA
60621,2008,161692.833333333,25,7,239,NA,NA,NA,NA,NA,NA
60621,2009,123226.416666667,22,7,239,NA,NA,NA,NA,NA,NA
60621,2010,102954.916666667,137,7,239,NA,NA,NA,NA,NA,NA
60621,2011,93206.6666666667,154,7,239,32.7,13570,3.44,1.23,97.87,0.04
60621,2012,63799.5,143,7,239,31.6,13137,2.91,1.1,97.31,0.07
60621,2013,44840,140,7,239,31.6,12933,3.26,1.37,96.58,0.1
60621,2014,39259.1666666667,153,2,239,31.5,12851,3.33,1.83,95.48,0.25
60621,2015,47554.75,185,2,239,31.2,12973,3.55,1.5,95.21,0.26
60621,2016,47365.8333333333,236,2,239,31.2,12973,4.03,1.65,95.29,0.22
60621,2017,44195.4166666667,155,2,239,32.2,13750,4.08,1.98,95.16,0.22
60621,2018,50710.25,148,2,239,34,14881,4.53,2.58,94.77,0.26
60621,2019,55380.9166666667,141,2,239,34.6,15672,5.19,2.22,95,0.24
60621,2020,68716.8333333333,221,2,239,NA,NA,NA,NA,NA,NA
60621,2021,96236.1666666667,242,2,239,NA,NA,NA,NA,NA,NA
60622,2000,298808.5,11,14,176,NA,NA,NA,NA,NA,NA
60622,2001,335709.083333333,13,14,176,NA,NA,NA,NA,NA,NA
60622,2002,360742,7,14,176,NA,NA,NA,NA,NA,NA
60622,2003,381740.083333333,8,14,176,NA,NA,NA,NA,NA,NA
60622,2004,404121.083333333,7,14,176,NA,NA,NA,NA,NA,NA
60622,2005,439337.25,2,14,176,NA,NA,NA,NA,NA,NA
60622,2006,470153.5,5,14,176,NA,NA,NA,NA,NA,NA
60622,2007,474337.333333333,6,14,176,NA,NA,NA,NA,NA,NA
60622,2008,459751.75,6,14,176,NA,NA,NA,NA,NA,NA
60622,2009,425339.333333333,10,14,176,NA,NA,NA,NA,NA,NA
60622,2010,410752.666666667,29,14,176,NA,NA,NA,NA,NA,NA
60622,2011,384111.833333333,33,14,176,30.7,37395,41.44,72.78,8.66,3.03
60622,2012,367970.166666667,24,14,176,31,39125,42.3,74.41,8.68,3.41
60622,2013,406223.166666667,21,14,176,31.1,39767,43.15,73.95,8.21,3.45
60622,2014,446836,16,3,176,31.2,40674,44.45,73.94,8.32,3.55
60622,2015,463429.166666667,33,3,176,31.3,42533,45.7,74.79,8.32,4.02
60622,2016,489273.833333333,53,3,176,31.8,46027,47.34,74.41,7.93,4.06
60622,2017,506813.333333333,42,3,176,31.7,49268,50.43,76.62,7.04,4.26
60622,2018,512894.583333333,34,3,176,31.7,52998,52.06,78.45,6.73,4.56
60622,2019,505452.083333333,25,3,176,32,54818,53.12,80.36,6.46,4.67
60622,2020,519097.583333333,47,3,176,NA,NA,NA,NA,NA,NA
60622,2021,550460.5,38,3,176,NA,NA,NA,NA,NA,NA
60623,2000,177278.666666667,37,20,291,NA,NA,NA,NA,NA,NA
60623,2001,199804.5,41,20,291,NA,NA,NA,NA,NA,NA
60623,2002,222304.833333333,37,20,291,NA,NA,NA,NA,NA,NA
60623,2003,243277.083333333,46,20,291,NA,NA,NA,NA,NA,NA
60623,2004,270726.833333333,31,20,291,NA,NA,NA,NA,NA,NA
60623,2005,307689.416666667,33,20,291,NA,NA,NA,NA,NA,NA
60623,2006,345189.583333333,36,20,291,NA,NA,NA,NA,NA,NA
60623,2007,349613.25,24,20,291,NA,NA,NA,NA,NA,NA
60623,2008,323315.083333333,33,20,291,NA,NA,NA,NA,NA,NA
60623,2009,243308.416666667,24,20,291,NA,NA,NA,NA,NA,NA
60623,2010,162239.916666667,180,20,291,NA,NA,NA,NA,NA,NA
60623,2011,126120.833333333,135,20,291,26.9,17163,3.78,41.31,33.28,0.14
60623,2012,106387.583333333,173,22,291,27.3,16607,3.72,48.75,34.24,0.17
60623,2013,101908.083333333,115,22,291,27.8,16524,3.58,47.79,34.18,0.18
60623,2014,97100.3333333333,122,7,291,28.1,16695,3.6,48.3,33.05,0.18
60623,2015,108154.75,131,7,291,28.5,16744,3.91,46.83,32.26,0.2
60623,2016,125913.083333333,327,7,291,29.3,17537,4.31,43.31,32.03,0.21
60623,2017,133858.5,279,7,291,30,18951,4.73,40.22,32.06,0.11
60623,2018,165495,193,7,291,30.3,19820,5.13,38.38,31.23,0.09
60623,2019,174447.833333333,188,7,291,31.3,20614,5.63,38.01,30.46,0.1
60623,2020,175262.083333333,294,7,291,NA,NA,NA,NA,NA,NA
60623,2021,190099.333333333,292,7,291,NA,NA,NA,NA,NA,NA
60624,2000,150378.416666667,38,8,200,NA,NA,NA,NA,NA,NA
60624,2001,158642.833333333,43,8,200,NA,NA,NA,NA,NA,NA
60624,2002,165212.25,33,8,200,NA,NA,NA,NA,NA,NA
60624,2003,176814.666666667,33,8,200,NA,NA,NA,NA,NA,NA
60624,2004,190262.5,16,8,200,NA,NA,NA,NA,NA,NA
60624,2005,207950.166666667,22,8,200,NA,NA,NA,NA,NA,NA
60624,2006,239175.416666667,21,8,200,NA,NA,NA,NA,NA,NA
60624,2007,257940.583333333,23,8,200,NA,NA,NA,NA,NA,NA
60624,2008,251019.25,28,8,200,NA,NA,NA,NA,NA,NA
60624,2009,186972.5,33,8,200,NA,NA,NA,NA,NA,NA
60624,2010,140928.666666667,139,8,200,NA,NA,NA,NA,NA,NA
60624,2011,101539.166666667,178,8,200,27.4,14225,4.6,2.31,95.75,0.13
60624,2012,95462.6666666667,135,8,200,27.3,14451,4.32,2.19,96.17,0.09
60624,2013,87325.5,111,8,200,27.9,14554,3.97,2.57,95.71,0.11
60624,2014,92673.9166666667,175,3,200,27.8,14987,3.22,2.53,94.71,0.16
60624,2015,98747.5,228,3,200,28.8,15412,3.15,2.72,94.41,0.19
60624,2016,114962.916666667,368,3,200,28.7,15733,3.88,2.77,93.27,0.14
60624,2017,124077.5,255,3,200,29.4,16254,3.73,3.5,92.32,0.29
60624,2018,149460.333333333,316,3,200,30.7,16594,4.47,3.69,90.85,0.31
60624,2019,167656.666666667,253,3,200,32.1,16725,5.04,4.48,90.68,0.15
60624,2020,168883.166666667,384,3,200,NA,NA,NA,NA,NA,NA
60624,2021,190441.5,405,3,200,NA,NA,NA,NA,NA,NA
60625,2000,223948.25,3,12,211,NA,NA,NA,NA,NA,NA
60625,2001,262650.25,8,12,211,NA,NA,NA,NA,NA,NA
60625,2002,288427.666666667,6,12,211,NA,NA,NA,NA,NA,NA
60625,2003,315452.25,4,12,211,NA,NA,NA,NA,NA,NA
60625,2004,347736.583333333,4,12,211,NA,NA,NA,NA,NA,NA
60625,2005,391790.666666667,7,12,211,NA,NA,NA,NA,NA,NA
60625,2006,421160.583333333,0,12,211,NA,NA,NA,NA,NA,NA
60625,2007,418769.416666667,4,12,211,NA,NA,NA,NA,NA,NA
60625,2008,397051.333333333,4,12,211,NA,NA,NA,NA,NA,NA
60625,2009,348886.583333333,10,12,211,NA,NA,NA,NA,NA,NA
60625,2010,322531.166666667,11,12,211,NA,NA,NA,NA,NA,NA
60625,2011,293430.25,13,12,211,32.7,24837,24.42,49.02,4.45,14.05
60625,2012,278700.833333333,17,12,211,32.8,25818,25.59,52.4,4.33,13.13
60625,2013,303872.083333333,12,12,211,33.4,26424,27.28,58.23,4.65,13.59
60625,2014,331047.083333333,14,4,211,33.4,27207,28.15,61.78,4.37,13.06
60625,2015,339704.083333333,28,4,211,34,27134,29.12,64.1,4.22,13.55
60625,2016,357558.5,18,4,211,34,29238,30.36,65.02,4.46,14.26
60625,2017,371981.666666667,15,4,211,34.2,30974,30.87,65.84,4.93,13.97
60625,2018,382038.75,22,4,211,34.2,31771,31.11,64.67,4.98,13.26
60625,2019,373710.666666667,19,4,211,34.9,33056,31.94,65.27,4.83,13.58
60625,2020,383768.583333333,41,4,211,NA,NA,NA,NA,NA,NA
60625,2021,411152.666666667,26,4,211,NA,NA,NA,NA,NA,NA
60626,2000,147993.916666667,15,11,103,NA,NA,NA,NA,NA,NA
60626,2001,169774.916666667,7,11,103,NA,NA,NA,NA,NA,NA
60626,2002,192266.583333333,8,11,103,NA,NA,NA,NA,NA,NA
60626,2003,207775.75,5,11,103,NA,NA,NA,NA,NA,NA
60626,2004,223279.5,5,11,103,NA,NA,NA,NA,NA,NA
60626,2005,244702.333333333,6,11,103,NA,NA,NA,NA,NA,NA
60626,2006,262220.166666667,1,11,103,NA,NA,NA,NA,NA,NA
60626,2007,265207.583333333,3,11,103,NA,NA,NA,NA,NA,NA
60626,2008,256671,4,11,103,NA,NA,NA,NA,NA,NA
60626,2009,226508.166666667,1,11,103,NA,NA,NA,NA,NA,NA
60626,2010,209654.583333333,24,11,103,NA,NA,NA,NA,NA,NA
60626,2011,171849.833333333,24,11,103,32.9,23902,25.64,53.13,25.16,6.96
60626,2012,144934.833333333,30,11,103,32.6,22705,25.49,53.59,26.84,7.66
60626,2013,149871.916666667,17,11,103,33,22635,26.48,56.23,26.38,6.86
60626,2014,168165.833333333,34,6,103,34.2,22428,27.35,58.33,24.93,7.36
60626,2015,182473.916666667,36,6,103,34.4,23011,27.13,60.24,23.09,7.48
60626,2016,194814.916666667,26,6,103,33.9,23154,27.48,61.13,24.24,6.58
60626,2017,205213,18,6,103,33.9,24674,27.63,60.37,24.67,5.67
60626,2018,213182.333333333,24,6,103,34,26090,28.58,59.2,25.27,5.89
60626,2019,214846.083333333,13,6,103,33.7,27826,28.19,57.02,27.2,5.41
60626,2020,219708.916666667,25,6,103,NA,NA,NA,NA,NA,NA
60626,2021,235892.333333333,22,6,103,NA,NA,NA,NA,NA,NA
60628,2000,91083.3333333333,33,13,313,NA,NA,NA,NA,NA,NA
60628,2001,95428.25,35,13,313,NA,NA,NA,NA,NA,NA
60628,2002,100785.916666667,24,13,313,NA,NA,NA,NA,NA,NA
60628,2003,108046,39,13,313,NA,NA,NA,NA,NA,NA
60628,2004,117393.083333333,21,13,313,NA,NA,NA,NA,NA,NA
60628,2005,130033.333333333,31,13,313,NA,NA,NA,NA,NA,NA
60628,2006,141286.833333333,34,13,313,NA,NA,NA,NA,NA,NA
60628,2007,146999.75,34,13,313,NA,NA,NA,NA,NA,NA
60628,2008,140473.416666667,33,13,313,NA,NA,NA,NA,NA,NA
60628,2009,122717.5,21,13,313,NA,NA,NA,NA,NA,NA
60628,2010,108400.583333333,198,13,313,NA,NA,NA,NA,NA,NA
60628,2011,89136.9166666667,182,13,313,36,20256,7.93,3.29,94.76,0.14
60628,2012,70233.4166666667,174,14,313,37.1,20211,8.26,3.55,94.36,0.32
60628,2013,61093.3333333333,159,14,313,37.5,20128,8.64,3.7,94.48,0.29
60628,2014,67585.25,182,3,313,38.1,19548,8.79,3.66,94.36,0.3
60628,2015,72521.5833333333,178,3,313,37.7,19311,9.25,4.01,94.11,0.31
60628,2016,80597.4166666667,244,3,313,37.9,19000,9.44,4.06,94.18,0.32
60628,2017,95044.0833333333,171,3,313,37.9,20290,9.42,4.25,94.06,0.23
60628,2018,112205.916666667,197,3,313,38.8,20913,9.46,4.4,93.75,0.18
60628,2019,120055.75,171,3,313,39.2,22201,10.05,4.7,93.13,0.21
60628,2020,123900.583333333,229,3,313,NA,NA,NA,NA,NA,NA
60628,2021,147269.333333333,286,3,313,NA,NA,NA,NA,NA,NA
60629,2000,138456.333333333,20,14,282,NA,NA,NA,NA,NA,NA
60629,2001,154264.666666667,10,14,282,NA,NA,NA,NA,NA,NA
60629,2002,170402.166666667,20,14,282,NA,NA,NA,NA,NA,NA
60629,2003,190749.833333333,14,14,282,NA,NA,NA,NA,NA,NA
60629,2004,213158.416666667,17,14,282,NA,NA,NA,NA,NA,NA
60629,2005,242254.833333333,22,14,282,NA,NA,NA,NA,NA,NA
60629,2006,267723.083333333,18,14,282,NA,NA,NA,NA,NA,NA
60629,2007,271654.666666667,22,14,282,NA,NA,NA,NA,NA,NA
60629,2008,243541.916666667,20,14,282,NA,NA,NA,NA,NA,NA
60629,2009,185920.5,18,14,282,NA,NA,NA,NA,NA,NA
60629,2010,159384.5,156,14,282,NA,NA,NA,NA,NA,NA
60629,2011,137375.916666667,129,14,282,28.9,21764,4.45,31.16,25.18,0.66
60629,2012,123024.833333333,141,15,282,29.1,21429,4.4,33.09,24.7,0.76
60629,2013,128751.166666667,99,15,282,29.2,20493,4.08,34.35,23.35,0.64
60629,2014,144286.666666667,76,9,282,29.8,20124,4.25,34.84,21.96,0.65
60629,2015,154170,103,9,282,30.4,20562,4.28,35.11,20.84,0.77
60629,2016,168351.083333333,144,9,282,30.4,21078,4.35,35.77,20.19,0.53
60629,2017,183283.666666667,127,9,282,30.6,21568,4.47,37.74,19.75,0.41
60629,2018,194085.333333333,72,9,282,31.2,22327,4.92,42.05,19.74,0.44
60629,2019,203278.916666667,92,9,282,31.2,23671,5.21,43.78,19.58,0.62
60629,2020,211554.083333333,112,9,282,NA,NA,NA,NA,NA,NA
60629,2021,235168.833333333,137,9,282,NA,NA,NA,NA,NA,NA
60630,2000,230814.5,2,7,235,NA,NA,NA,NA,NA,NA
60630,2001,265104.416666667,1,7,235,NA,NA,NA,NA,NA,NA
60630,2002,289214,1,7,235,NA,NA,NA,NA,NA,NA
60630,2003,314542.833333333,2,7,235,NA,NA,NA,NA,NA,NA
60630,2004,342817.333333333,2,7,235,NA,NA,NA,NA,NA,NA
60630,2005,385624.5,1,7,235,NA,NA,NA,NA,NA,NA
60630,2006,419477.5,1,7,235,NA,NA,NA,NA,NA,NA
60630,2007,411409,2,7,235,NA,NA,NA,NA,NA,NA
60630,2008,370293.583333333,1,7,235,NA,NA,NA,NA,NA,NA
60630,2009,307319.666666667,0,7,235,NA,NA,NA,NA,NA,NA
60630,2010,282944.416666667,2,7,235,NA,NA,NA,NA,NA,NA
60630,2011,258659.083333333,3,7,235,37.8,27974,18.19,73.87,0.97,9.35
60630,2012,247118.416666667,2,8,235,38,28069,18.62,73.23,1.15,9.73
60630,2013,263850.166666667,6,8,235,38.1,28122,19.23,73.03,1.32,11.19
60630,2014,293643.833333333,1,5,235,38.7,30280,20.39,72.71,0.97,11.48
60630,2015,305139.666666667,5,5,235,39.3,30231,20.01,71.81,1.38,12.58
60630,2016,317776.166666667,4,5,235,38.6,31226,21.64,71.7,1.42,11.68
60630,2017,334306.416666667,6,5,235,39.8,32271,22.11,72.54,1.48,11.98
60630,2018,339758.083333333,11,5,235,40.2,35441,22.87,71.48,1.62,11.43
60630,2019,336544.75,3,5,235,40.5,35562,24.28,70.68,1.69,11.22
60630,2020,339569.666666667,8,5,235,NA,NA,NA,NA,NA,NA
60630,2021,366586.333333333,18,5,235,NA,NA,NA,NA,NA,NA
60631,2000,263379.416666667,0,2,66,NA,NA,NA,NA,NA,NA
60631,2001,288724.75,0,2,66,NA,NA,NA,NA,NA,NA
60631,2002,314170,1,2,66,NA,NA,NA,NA,NA,NA
60631,2003,343815.75,0,2,66,NA,NA,NA,NA,NA,NA
60631,2004,376935.75,0,2,66,NA,NA,NA,NA,NA,NA
60631,2005,419889.333333333,0,2,66,NA,NA,NA,NA,NA,NA
60631,2006,452711.666666667,0,2,66,NA,NA,NA,NA,NA,NA
60631,2007,449027.5,1,2,66,NA,NA,NA,NA,NA,NA
60631,2008,415298.833333333,1,2,66,NA,NA,NA,NA,NA,NA
60631,2009,348937.25,0,2,66,NA,NA,NA,NA,NA,NA
60631,2010,322002.5,0,2,66,NA,NA,NA,NA,NA,NA
60631,2011,299524.916666667,0,2,66,42.5,38894,22.88,90.54,0.82,2.4
60631,2012,289340.25,0,2,66,43.5,38514,23.15,91.8,0.83,2.22
60631,2013,314300.666666667,0,2,66,43.7,36663,22.62,91.91,1.08,2.2
60631,2014,338890.083333333,0,1,66,44.5,37249,23.41,93.16,1.51,1.69
60631,2015,350165.333333333,0,1,66,43.5,38425,25.6,92.17,1.48,2.08
60631,2016,358871.833333333,0,1,66,43.3,39209,25.65,91.37,0.98,2.62
60631,2017,375305.666666667,0,1,66,42.8,40995,25.41,90.25,1,2.63
60631,2018,376721.666666667,0,1,66,42.6,47582,27.82,90.48,1.51,2.93
60631,2019,370843.166666667,1,1,66,43.2,50244,26.91,87.96,1.18,3.49
60631,2020,375071.75,0,1,66,NA,NA,NA,NA,NA,NA
60631,2021,398356.916666667,1,1,66,NA,NA,NA,NA,NA,NA
60632,2000,131757,14,20,306,NA,NA,NA,NA,NA,NA
60632,2001,146616.5,23,20,306,NA,NA,NA,NA,NA,NA
60632,2002,161351.916666667,11,20,306,NA,NA,NA,NA,NA,NA
60632,2003,179401.75,8,20,306,NA,NA,NA,NA,NA,NA
60632,2004,200669.75,5,20,306,NA,NA,NA,NA,NA,NA
60632,2005,227634.5,12,20,306,NA,NA,NA,NA,NA,NA
60632,2006,251597.333333333,11,20,306,NA,NA,NA,NA,NA,NA
60632,2007,250303.916666667,10,20,306,NA,NA,NA,NA,NA,NA
60632,2008,225447.666666667,12,20,306,NA,NA,NA,NA,NA,NA
60632,2009,176725.75,15,20,306,NA,NA,NA,NA,NA,NA
60632,2010,148409.833333333,52,20,306,NA,NA,NA,NA,NA,NA
60632,2011,131587.666666667,60,20,306,28.3,20669,4.76,58.46,1.87,3.89
60632,2012,117923,73,20,306,28.5,20539,4.57,62.7,1.82,4.14
60632,2013,124794.666666667,45,20,306,29.3,20000,4.39,61.4,1.84,4.58
60632,2014,137387.5,31,10,306,30.4,19846,4.24,59.23,1.45,4.52
60632,2015,152336.5,74,10,306,30.7,20198,4.66,55.04,1.96,4.49
60632,2016,168537,103,10,306,30.6,21080,4.69,51.46,1.67,4.72
60632,2017,181168.083333333,88,10,306,30.8,21851,5.24,50.72,1.76,5.36
60632,2018,191258.166666667,54,10,306,30.9,22844,5.59,51.75,1.86,5.68
60632,2019,196251.5,56,10,306,30.9,24267,6.04,52.49,1.9,6.91
60632,2020,213606.166666667,76,10,306,NA,NA,NA,NA,NA,NA
60632,2021,241858.333333333,84,10,306,NA,NA,NA,NA,NA,NA
60633,2000,96320.1666666667,0,2,41,NA,NA,NA,NA,NA,NA
60633,2001,104217.583333333,0,2,41,NA,NA,NA,NA,NA,NA
60633,2002,109833.833333333,3,2,41,NA,NA,NA,NA,NA,NA
60633,2003,118991.75,3,2,41,NA,NA,NA,NA,NA,NA
60633,2004,128897,1,2,41,NA,NA,NA,NA,NA,NA
60633,2005,141506.416666667,1,2,41,NA,NA,NA,NA,NA,NA
60633,2006,154996.416666667,0,2,41,NA,NA,NA,NA,NA,NA
60633,2007,158971,2,2,41,NA,NA,NA,NA,NA,NA
60633,2008,148949.333333333,2,2,41,NA,NA,NA,NA,NA,NA
60633,2009,129441.75,0,2,41,NA,NA,NA,NA,NA,NA
60633,2010,117913.25,4,2,41,NA,NA,NA,NA,NA,NA
60633,2011,101921.416666667,2,2,41,36,25970,7.96,59.13,27.15,0.7
60633,2012,88938.25,3,2,41,37,25170,8.89,62.29,27.77,0.76
60633,2013,83534.5833333333,1,2,41,36.6,24288,9.69,64.76,25.43,0.97
60633,2014,87354.5,2,0,41,37.6,22069,10,68.51,23.92,0.93
60633,2015,91905.5,1,0,41,36.9,24344,10.64,67.92,24.42,0.42
60633,2016,101036.083333333,3,0,41,39.1,24208,10.03,70.12,23.1,0.2
60633,2017,113220.5,1,0,41,37.8,25580,9.05,72.36,21.67,0.34
60633,2018,121442.916666667,3,0,41,38.9,26193,8.86,70.99,23.21,0.29
60633,2019,125595.75,0,0,41,39.6,28324,8.6,68.52,23.36,0.27
60633,2020,133116.416666667,7,0,41,NA,NA,NA,NA,NA,NA
60633,2021,157140.25,5,0,41,NA,NA,NA,NA,NA,NA
60634,2000,199253.666666667,1,13,282,NA,NA,NA,NA,NA,NA
60634,2001,229190,4,13,282,NA,NA,NA,NA,NA,NA
60634,2002,255016.75,1,13,282,NA,NA,NA,NA,NA,NA
60634,2003,276744.916666667,1,13,282,NA,NA,NA,NA,NA,NA
60634,2004,304280.333333333,2,13,282,NA,NA,NA,NA,NA,NA
60634,2005,342137.75,2,13,282,NA,NA,NA,NA,NA,NA
60634,2006,373350.416666667,0,13,282,NA,NA,NA,NA,NA,NA
60634,2007,371710.833333333,0,13,282,NA,NA,NA,NA,NA,NA
60634,2008,333467.916666667,2,13,282,NA,NA,NA,NA,NA,NA
60634,2009,269914,2,13,282,NA,NA,NA,NA,NA,NA
60634,2010,240410.416666667,11,13,282,NA,NA,NA,NA,NA,NA
60634,2011,213472.416666667,5,13,282,38.9,26871,13,74.38,1.58,4.6
60634,2012,200637.75,8,13,282,38.9,26728,13.64,76.46,1.48,3.99
60634,2013,217412.333333333,8,13,282,38.9,26623,12.98,78.57,1.23,3.73
60634,2014,248564.75,7,5,282,38.8,26990,12.73,79.14,1.65,3.87
60634,2015,264565.166666667,11,5,282,39,27575,13.18,78.26,1.82,4.26
60634,2016,275432.416666667,14,5,282,38.6,29744,14.34,79.34,1.68,4.64
60634,2017,291212.333333333,15,5,282,39,30582,14.27,80.11,1.45,5.23
60634,2018,300198.833333333,9,5,282,39.1,31502,14.98,78.49,2.18,5.49
60634,2019,302496.583333333,9,5,282,39.7,32517,16.01,77.38,1.86,5.74
60634,2020,303815.083333333,11,5,282,NA,NA,NA,NA,NA,NA
60634,2021,335352,16,5,282,NA,NA,NA,NA,NA,NA
60636,2000,84620.9166666667,31,15,198,NA,NA,NA,NA,NA,NA
60636,2001,88662.3333333333,20,15,198,NA,NA,NA,NA,NA,NA
60636,2002,90754.6666666667,32,15,198,NA,NA,NA,NA,NA,NA
60636,2003,95004.25,27,15,198,NA,NA,NA,NA,NA,NA
60636,2004,102013.916666667,22,15,198,NA,NA,NA,NA,NA,NA
60636,2005,117554.083333333,23,15,198,NA,NA,NA,NA,NA,NA
60636,2006,132651.5,23,15,198,NA,NA,NA,NA,NA,NA
60636,2007,139361.916666667,15,15,198,NA,NA,NA,NA,NA,NA
60636,2008,134990.083333333,26,15,198,NA,NA,NA,NA,NA,NA
60636,2009,99045.4166666667,21,15,198,NA,NA,NA,NA,NA,NA
60636,2010,90594.0833333333,168,15,198,NA,NA,NA,NA,NA,NA
60636,2011,73616.5833333333,208,15,198,31.1,14336,3.6,2.64,95.3,0.1
60636,2012,55748.0833333333,192,15,198,32.1,14984,3.73,2.81,94.46,0.11
60636,2013,45236.5833333333,134,15,198,32.2,14974,4.03,2.49,93.91,0.3
60636,2014,45077.1666666667,172,3,198,32.8,15520,4.45,2.14,93.18,0.28
60636,2015,48657.0833333333,202,3,198,34.3,16000,4.76,1.91,92.74,0.31
60636,2016,58680.8333333333,246,3,198,35.3,16733,4.81,2.17,91.41,0.31
60636,2017,62843.5833333333,111,3,198,37.6,17146,4.87,2.72,91.05,0.31
60636,2018,70896.75,126,3,198,40,18322,4.88,3.96,89.91,0.04
60636,2019,76502.75,120,3,198,41.3,18780,4.69,5.58,87.99,0.08
60636,2020,79703.0833333333,208,3,198,NA,NA,NA,NA,NA,NA
60636,2021,112539,205,3,198,NA,NA,NA,NA,NA,NA
60637,2000,158365.25,23,10,312,NA,NA,NA,NA,NA,NA
60637,2001,166019.333333333,17,10,312,NA,NA,NA,NA,NA,NA
60637,2002,183710.666666667,22,10,312,NA,NA,NA,NA,NA,NA
60637,2003,201565.083333333,17,10,312,NA,NA,NA,NA,NA,NA
60637,2004,222476.666666667,22,10,312,NA,NA,NA,NA,NA,NA
60637,2005,251957.083333333,16,10,312,NA,NA,NA,NA,NA,NA
60637,2006,274426.75,21,10,312,NA,NA,NA,NA,NA,NA
60637,2007,281712.5,21,10,312,NA,NA,NA,NA,NA,NA
60637,2008,272394.833333333,23,10,312,NA,NA,NA,NA,NA,NA
60637,2009,231512.416666667,19,10,312,NA,NA,NA,NA,NA,NA
60637,2010,193843.416666667,180,10,312,NA,NA,NA,NA,NA,NA
60637,2011,162981.833333333,179,10,312,31.2,18323,15.13,16.24,78.3,3.65
60637,2012,127091.833333333,208,11,312,31.7,17698,15.22,16.15,77.85,3.96
60637,2013,115522.666666667,111,11,312,30.7,17126,14.97,16.44,77.02,4.3
60637,2014,111079.666666667,115,4,312,30.7,17513,15.14,16.01,77.4,4.02
60637,2015,111878.75,115,4,312,30,17275,14.51,15.31,77.69,4.27
60637,2016,123497.083333333,179,4,312,30.3,18751,15.65,15.38,77.52,4.01
60637,2017,139395.5,156,4,312,30.6,19080,15.82,15.93,76.7,4.31
60637,2018,153397.916666667,134,4,312,30.7,20154,15.77,16.18,76.21,4.49
60637,2019,159500.416666667,100,4,312,30.6,19996,16.01,16.66,75.44,4.69
60637,2020,169042.75,165,4,312,NA,NA,NA,NA,NA,NA
60637,2021,198629.583333333,230,4,312,NA,NA,NA,NA,NA,NA
60638,2000,153912.583333333,4,4,216,NA,NA,NA,NA,NA,NA
60638,2001,169704.833333333,3,4,216,NA,NA,NA,NA,NA,NA
60638,2002,184882.583333333,7,4,216,NA,NA,NA,NA,NA,NA
60638,2003,206930.75,5,4,216,NA,NA,NA,NA,NA,NA
60638,2004,234010.833333333,7,4,216,NA,NA,NA,NA,NA,NA
60638,2005,260033,4,4,216,NA,NA,NA,NA,NA,NA
60638,2006,278764.166666667,1,4,216,NA,NA,NA,NA,NA,NA
60638,2007,278954.666666667,0,4,216,NA,NA,NA,NA,NA,NA
60638,2008,254913.25,7,4,216,NA,NA,NA,NA,NA,NA
60638,2009,219932,3,4,216,NA,NA,NA,NA,NA,NA
60638,2010,201591.416666667,6,4,216,NA,NA,NA,NA,NA,NA
60638,2011,177251.916666667,3,4,216,36.4,30286,10.92,72.33,4.25,1.27
60638,2012,162814.25,5,5,216,37.2,29919,11.71,75.12,4.05,1.07
60638,2013,175264.833333333,5,5,216,37.2,29112,12.31,75.84,3.75,1.21
60638,2014,189822.75,6,5,216,37.5,29005,12.96,74.46,2.91,1.15
60638,2015,202544.75,4,5,216,37.7,28258,12.59,74.02,2.83,1.08
60638,2016,214004.083333333,6,5,216,38.4,29621,12.41,73.66,2.98,0.92
60638,2017,229194.333333333,14,5,216,37.7,31213,12.19,73.11,3.36,0.64
60638,2018,238371.083333333,7,5,216,37.7,33793,11.99,72.43,3.19,0.59
60638,2019,243089.666666667,4,5,216,37.8,34676,12.28,74.19,3.95,0.55
60638,2020,253450.166666667,10,5,216,NA,NA,NA,NA,NA,NA
60638,2021,280363.416666667,9,5,216,NA,NA,NA,NA,NA,NA
60639,2000,160340,11,31,264,NA,NA,NA,NA,NA,NA
60639,2001,185361.25,11,31,264,NA,NA,NA,NA,NA,NA
60639,2002,208326.666666667,14,31,264,NA,NA,NA,NA,NA,NA
60639,2003,233049.75,10,31,264,NA,NA,NA,NA,NA,NA
60639,2004,261185.25,11,31,264,NA,NA,NA,NA,NA,NA
60639,2005,294469.166666667,17,31,264,NA,NA,NA,NA,NA,NA
60639,2006,319537.083333333,5,31,264,NA,NA,NA,NA,NA,NA
60639,2007,325136.333333333,10,31,264,NA,NA,NA,NA,NA,NA
60639,2008,287636.5,13,31,264,NA,NA,NA,NA,NA,NA
60639,2009,208956.25,8,31,264,NA,NA,NA,NA,NA,NA
60639,2010,177386.333333333,90,31,264,NA,NA,NA,NA,NA,NA
60639,2011,159844.5,66,31,264,30.4,18959,4.39,27.58,17.92,0.86
60639,2012,152402.166666667,64,32,264,30.5,19007,4.37,30.27,17.78,0.67
60639,2013,165177.166666667,51,32,264,30.3,19066,4.39,29.11,16.41,0.55
60639,2014,189085,70,16,264,30.7,19207,4.65,31.96,15.48,0.88
60639,2015,202213.25,82,16,264,31.3,19595,5.31,34.42,14.11,1.04
60639,2016,222422.083333333,106,16,264,31.8,20310,5.65,33.99,12.95,1.02
60639,2017,247589.75,98,16,264,32.2,21292,6.41,37.13,13.25,1.46
60639,2018,263739.916666667,59,16,264,33.1,22208,6.95,43.27,13.86,1.65
60639,2019,266430.416666667,57,16,264,34,23463,7.18,46.61,13.54,1.45
60639,2020,269039.083333333,58,16,264,NA,NA,NA,NA,NA,NA
60639,2021,300052.916666667,72,16,264,NA,NA,NA,NA,NA,NA
60640,2000,197601.666666667,4,16,188,NA,NA,NA,NA,NA,NA
60640,2001,233912.25,9,16,188,NA,NA,NA,NA,NA,NA
60640,2002,258147.666666667,5,16,188,NA,NA,NA,NA,NA,NA
60640,2003,275559.5,10,16,188,NA,NA,NA,NA,NA,NA
60640,2004,293129.416666667,4,16,188,NA,NA,NA,NA,NA,NA
60640,2005,315401,4,16,188,NA,NA,NA,NA,NA,NA
60640,2006,334436,4,16,188,NA,NA,NA,NA,NA,NA
60640,2007,335188.5,5,16,188,NA,NA,NA,NA,NA,NA
60640,2008,316920.75,3,16,188,NA,NA,NA,NA,NA,NA
60640,2009,286074.416666667,2,16,188,NA,NA,NA,NA,NA,NA
60640,2010,275191.5,39,16,188,NA,NA,NA,NA,NA,NA
60640,2011,247994.166666667,44,16,188,36.2,30078,38.2,58.45,18.53,12.98
60640,2012,227423.25,29,16,188,36.8,30434,38.51,58.74,18.82,13.03
60640,2013,242940.833333333,25,16,188,37.2,30433,39.34,60.22,18.6,12.87
60640,2014,263635,17,9,188,37.8,30578,40.18,62.44,18.32,11.77
60640,2015,270627.583333333,31,9,188,37.4,31070,39.87,62.17,19.77,10.61
60640,2016,280017.166666667,39,9,188,37.5,31066,38.78,63.25,18.74,11.26
60640,2017,293205.416666667,29,9,188,37.4,31855,39.57,64.77,17.4,11.1
60640,2018,300902.25,20,9,188,37.3,34347,38.9,64.27,16.96,11.03
60640,2019,300850.416666667,13,9,188,36.8,36242,40.24,65.08,16.88,10.87
60640,2020,308023,16,9,188,NA,NA,NA,NA,NA,NA
60640,2021,328826.25,16,9,188,NA,NA,NA,NA,NA,NA
60641,2000,231934.666666667,1,10,231,NA,NA,NA,NA,NA,NA
60641,2001,268831.75,4,10,231,NA,NA,NA,NA,NA,NA
60641,2002,300393.75,3,10,231,NA,NA,NA,NA,NA,NA
60641,2003,327809.083333333,3,10,231,NA,NA,NA,NA,NA,NA
60641,2004,358307.083333333,1,10,231,NA,NA,NA,NA,NA,NA
60641,2005,401290.833333333,2,10,231,NA,NA,NA,NA,NA,NA
60641,2006,439165,5,10,231,NA,NA,NA,NA,NA,NA
60641,2007,438392.916666667,2,10,231,NA,NA,NA,NA,NA,NA
60641,2008,388555.083333333,3,10,231,NA,NA,NA,NA,NA,NA
60641,2009,316092.166666667,1,10,231,NA,NA,NA,NA,NA,NA
60641,2010,281008.083333333,27,10,231,NA,NA,NA,NA,NA,NA
60641,2011,245656.833333333,16,10,231,35,24740,12.89,57.85,2.97,4.34
60641,2012,232870,24,10,231,35.3,24965,13.4,59.47,2.65,4.35
60641,2013,256957.416666667,19,10,231,35.3,24755,13.74,61.61,2.25,4.32
60641,2014,292487.333333333,19,3,231,35.7,24862,14.33,63.52,2.64,4.67
60641,2015,299053.583333333,17,3,231,35.7,26278,15.53,65.93,2.24,4.07
60641,2016,310026.083333333,31,3,231,35.7,27283,17.49,64.67,2.54,4.39
60641,2017,335508.916666667,27,3,231,35.7,29331,17.94,67.02,2.41,4.67
60641,2018,343529.25,25,3,231,35.9,30775,18.58,68.23,2.41,4.64
60641,2019,336029.5,16,3,231,36.9,31643,19.09,67.4,2.54,4.72
60641,2020,338187.75,31,3,231,NA,NA,NA,NA,NA,NA
60641,2021,364916.5,29,3,231,NA,NA,NA,NA,NA,NA
60642,2000,285023.25,5,1,98,NA,NA,NA,NA,NA,NA
60642,2001,322828.916666667,6,1,98,NA,NA,NA,NA,NA,NA
60642,2002,346695.25,3,1,98,NA,NA,NA,NA,NA,NA
60642,2003,362108.083333333,5,1,98,NA,NA,NA,NA,NA,NA
60642,2004,377757.333333333,4,1,98,NA,NA,NA,NA,NA,NA
60642,2005,406519.5,4,1,98,NA,NA,NA,NA,NA,NA
60642,2006,429442.333333333,1,1,98,NA,NA,NA,NA,NA,NA
60642,2007,433375.583333333,1,1,98,NA,NA,NA,NA,NA,NA
60642,2008,421997,2,1,98,NA,NA,NA,NA,NA,NA
60642,2009,392447.916666667,2,1,98,NA,NA,NA,NA,NA,NA
60642,2010,380157,9,1,98,NA,NA,NA,NA,NA,NA
60642,2011,357272.25,6,1,98,31.3,43039,44.53,66.43,13.85,5.76
60642,2012,340032,11,1,98,31.8,41934,46.2,71.47,13.18,5.61
60642,2013,373610.666666667,7,1,98,31.7,42571,47.76,73.11,11.44,4.99
60642,2014,409260.666666667,14,1,98,31.5,43423,48.23,73.07,8.87,5.75
60642,2015,422849.5,4,1,98,31.5,46104,50.48,74.56,8.24,5.4
60642,2016,452076.5,14,1,98,31.8,48716,50.58,73.72,9.61,5.12
60642,2017,475028.833333333,9,1,98,31.6,53309,52.59,70.72,9.01,6.47
60642,2018,483834.333333333,6,1,98,31.2,57243,55.53,72,10.34,7.18
60642,2019,479480,7,1,98,31.6,63141,61.18,73.71,10.15,7.43
60642,2020,485203.416666667,15,1,98,NA,NA,NA,NA,NA,NA
60642,2021,510578.083333333,10,1,98,NA,NA,NA,NA,NA,NA
60643,2000,162416.916666667,15,9,223,NA,NA,NA,NA,NA,NA
60643,2001,175493.166666667,11,9,223,NA,NA,NA,NA,NA,NA
60643,2002,183250.416666667,10,9,223,NA,NA,NA,NA,NA,NA
60643,2003,193160.916666667,9,9,223,NA,NA,NA,NA,NA,NA
60643,2004,207810.25,5,9,223,NA,NA,NA,NA,NA,NA
60643,2005,226921.75,4,9,223,NA,NA,NA,NA,NA,NA
60643,2006,248408.583333333,9,9,223,NA,NA,NA,NA,NA,NA
60643,2007,252445.5,9,9,223,NA,NA,NA,NA,NA,NA
60643,2008,242077.583333333,11,9,223,NA,NA,NA,NA,NA,NA
60643,2009,208296,9,9,223,NA,NA,NA,NA,NA,NA
60643,2010,192396.75,68,9,223,NA,NA,NA,NA,NA,NA
60643,2011,167517.333333333,48,9,223,41.2,31088,19.85,26.3,71.56,0.43
60643,2012,150653.5,82,9,223,42.6,30666,19.54,24.81,72.93,0.34
60643,2013,151187.5,61,9,223,42.1,30655,19.05,25.08,72.42,0.23
60643,2014,156790.5,50,4,223,43.4,29792,19.07,23.44,73.48,0.22
60643,2015,155611.333333333,58,4,223,43.8,29511,19.41,22.63,73.57,0.25
60643,2016,159369.333333333,80,4,223,43.9,29943,19.91,23.2,72.78,0.17
60643,2017,171515.25,82,4,223,43.4,30960,19.65,22.45,73.04,0.29
60643,2018,181745.25,62,4,223,43.5,31884,20.43,22.24,73.53,0.36
60643,2019,189330.583333333,47,4,223,43.6,33387,20.64,23.28,72.56,0.28
60643,2020,187934.25,77,4,223,NA,NA,NA,NA,NA,NA
60643,2021,207044.583333333,66,4,223,NA,NA,NA,NA,NA,NA
60644,2000,156851.333333333,27,7,220,NA,NA,NA,NA,NA,NA
60644,2001,168525.416666667,34,7,220,NA,NA,NA,NA,NA,NA
60644,2002,182408.25,38,7,220,NA,NA,NA,NA,NA,NA
60644,2003,194229.166666667,26,7,220,NA,NA,NA,NA,NA,NA
60644,2004,211828.166666667,17,7,220,NA,NA,NA,NA,NA,NA
60644,2005,237685.5,20,7,220,NA,NA,NA,NA,NA,NA
60644,2006,271894.75,22,7,220,NA,NA,NA,NA,NA,NA
60644,2007,293856.166666667,19,7,220,NA,NA,NA,NA,NA,NA
60644,2008,273242.5,25,7,220,NA,NA,NA,NA,NA,NA
60644,2009,199563.583333333,23,7,220,NA,NA,NA,NA,NA,NA
60644,2010,156908.333333333,113,7,220,NA,NA,NA,NA,NA,NA
60644,2011,135291.166666667,102,7,220,33.6,16299,5.66,4.3,93.43,0.38
60644,2012,114438.166666667,127,7,220,32.5,16082,5.42,3.45,94.7,0.28
60644,2013,98837.6666666667,120,7,220,32.5,16127,5.08,3.16,94.51,0.32
60644,2014,93549.9166666667,134,3,220,31.5,16233,4.96,2.98,94.1,0.15
60644,2015,104020.583333333,152,3,220,32.7,17062,5.51,3.35,93.34,0.14
60644,2016,121836.083333333,337,3,220,32.6,17062,5.87,3.41,93.04,0.04
60644,2017,126405.5,288,3,220,32.9,17070,5.96,3.92,91.86,0.07
60644,2018,148403.5,184,3,220,33.3,17341,6.31,4.77,89.95,0.24
60644,2019,164737.75,165,3,220,35.1,17635,6.74,6.19,88.82,0.28
60644,2020,175426.833333333,249,3,220,NA,NA,NA,NA,NA,NA
60644,2021,210676.5,225,3,220,NA,NA,NA,NA,NA,NA
60645,2000,182851.083333333,3,4,118,NA,NA,NA,NA,NA,NA
60645,2001,208478.833333333,2,4,118,NA,NA,NA,NA,NA,NA
60645,2002,233736,2,4,118,NA,NA,NA,NA,NA,NA
60645,2003,257803.416666667,2,4,118,NA,NA,NA,NA,NA,NA
60645,2004,278301.916666667,0,4,118,NA,NA,NA,NA,NA,NA
60645,2005,309899.333333333,2,4,118,NA,NA,NA,NA,NA,NA
60645,2006,335787.166666667,3,4,118,NA,NA,NA,NA,NA,NA
60645,2007,340795.916666667,6,4,118,NA,NA,NA,NA,NA,NA
60645,2008,318891.666666667,1,4,118,NA,NA,NA,NA,NA,NA
60645,2009,270087.583333333,1,4,118,NA,NA,NA,NA,NA,NA
60645,2010,250099.333333333,1,4,118,NA,NA,NA,NA,NA,NA
60645,2011,221556.5,4,4,118,35.2,25871,20.26,53.9,17.61,15.77
60645,2012,216708.25,10,4,118,35.3,25400,21.01,56.68,16.87,15.69
60645,2013,232224.416666667,8,4,118,35,25111,20.3,57.07,16.95,15.14
60645,2014,251121.083333333,12,2,118,35.7,25258,21.71,60.13,16.45,15.65
60645,2015,266753.416666667,11,2,118,35.8,25236,21.93,59.17,17.6,16.55
60645,2016,285234.583333333,12,2,118,35.7,26160,22.57,58.58,17.78,16.67
60645,2017,299762.5,11,2,118,35.5,26397,22.19,57.06,17.67,16.72
60645,2018,301477.25,10,2,118,35.6,27787,22.03,56.9,17.11,16.35
60645,2019,302895.5,7,2,118,35.6,30141,22.95,54.62,15.39,17.94
60645,2020,314380.25,15,2,118,NA,NA,NA,NA,NA,NA
60645,2021,338746,9,2,118,NA,NA,NA,NA,NA,NA
60646,2000,289820.25,0,5,105,NA,NA,NA,NA,NA,NA
60646,2001,320965.416666667,0,5,105,NA,NA,NA,NA,NA,NA
60646,2002,348877.333333333,2,5,105,NA,NA,NA,NA,NA,NA
60646,2003,378608.583333333,0,5,105,NA,NA,NA,NA,NA,NA
60646,2004,411377.916666667,0,5,105,NA,NA,NA,NA,NA,NA
60646,2005,458279.416666667,0,5,105,NA,NA,NA,NA,NA,NA
60646,2006,496296.416666667,0,5,105,NA,NA,NA,NA,NA,NA
60646,2007,495186.333333333,0,5,105,NA,NA,NA,NA,NA,NA
60646,2008,460359,0,5,105,NA,NA,NA,NA,NA,NA
60646,2009,390968.583333333,1,5,105,NA,NA,NA,NA,NA,NA
60646,2010,361620.916666667,1,5,105,NA,NA,NA,NA,NA,NA
60646,2011,335369,0,5,105,42.6,33977,26.36,81.47,1.63,10.66
60646,2012,336792.5,0,5,105,43.1,32701,27.16,81.04,1.67,10.72
60646,2013,365528.666666667,0,5,105,42.7,34150,28.72,83.21,0.96,10.44
60646,2014,388370.166666667,1,3,105,43.8,34634,28.55,83.72,0.65,10.21
60646,2015,394717.416666667,0,3,105,43.8,36264,28.16,83.72,0.76,10.76
60646,2016,404392.916666667,1,3,105,43.9,41151,29.34,84.79,0.73,10.16
60646,2017,423610.083333333,0,3,105,44.3,45816,29.72,84.73,0.88,9.74
60646,2018,422123,1,3,105,43.7,46241,29.16,83.26,1.09,10.35
60646,2019,415657.666666667,0,3,105,43.6,45842,27.63,84.74,1.04,9.73
60646,2020,421445.75,3,3,105,NA,NA,NA,NA,NA,NA
60646,2021,454338.583333333,1,3,105,NA,NA,NA,NA,NA,NA
60647,2000,236584.583333333,15,18,242,NA,NA,NA,NA,NA,NA
60647,2001,276063.666666667,17,18,242,NA,NA,NA,NA,NA,NA
60647,2002,305539.833333333,17,18,242,NA,NA,NA,NA,NA,NA
60647,2003,330661.916666667,22,18,242,NA,NA,NA,NA,NA,NA
60647,2004,359904,11,18,242,NA,NA,NA,NA,NA,NA
60647,2005,398383.5,13,18,242,NA,NA,NA,NA,NA,NA
60647,2006,430360,11,18,242,NA,NA,NA,NA,NA,NA
60647,2007,435220.75,6,18,242,NA,NA,NA,NA,NA,NA
60647,2008,419649.833333333,10,18,242,NA,NA,NA,NA,NA,NA
60647,2009,378378.583333333,8,18,242,NA,NA,NA,NA,NA,NA
60647,2010,358410.583333333,43,18,242,NA,NA,NA,NA,NA,NA
60647,2011,330275.75,38,18,242,31.1,27544,25.8,70.59,7.55,2.99
60647,2012,314415.916666667,41,18,242,31.4,28016,27.12,76.96,6.96,2.79
60647,2013,350425.666666667,37,18,242,31.6,28369,27,77.29,6.35,3.16
60647,2014,386071.083333333,61,15,242,31.6,29435,28,76.95,6.35,2.62
60647,2015,405997,31,15,242,31.4,30295,29.36,76.37,6.48,2.67
60647,2016,429205.833333333,42,15,242,31.4,31253,31.07,75.97,6.54,2.8
60647,2017,443498,37,15,242,31.6,35334,33.64,76,6.73,3.05
60647,2018,450801.583333333,50,15,242,31.8,37456,36.48,76.74,6.55,3.18
60647,2019,450106.75,30,15,242,32,41029,38.17,77.53,5.78,3.57
60647,2020,465317.75,33,15,242,NA,NA,NA,NA,NA,NA
60647,2021,497186.166666667,43,15,242,NA,NA,NA,NA,NA,NA
60649,2000,115855.5,18,8,174,NA,NA,NA,NA,NA,NA
60649,2001,125972.5,23,8,174,NA,NA,NA,NA,NA,NA
60649,2002,140307.416666667,17,8,174,NA,NA,NA,NA,NA,NA
60649,2003,150058.833333333,24,8,174,NA,NA,NA,NA,NA,NA
60649,2004,162036,19,8,174,NA,NA,NA,NA,NA,NA
60649,2005,177801.666666667,21,8,174,NA,NA,NA,NA,NA,NA
60649,2006,198688.5,16,8,174,NA,NA,NA,NA,NA,NA
60649,2007,211435.25,14,8,174,NA,NA,NA,NA,NA,NA
60649,2008,200261.833333333,21,8,174,NA,NA,NA,NA,NA,NA
60649,2009,154386.5,14,8,174,NA,NA,NA,NA,NA,NA
60649,2010,135045,82,8,174,NA,NA,NA,NA,NA,NA
60649,2011,116700.416666667,87,8,174,38.1,20458,14.05,1.75,94.61,0.27
60649,2012,98049.3333333333,134,8,174,38.3,20689,13.61,1.95,94.29,0.33
60649,2013,93289.25,92,8,174,37.9,19802,13.47,2.02,94.35,0.34
60649,2014,107225.833333333,91,3,174,38.1,19671,12.4,2.84,93.6,0.39
60649,2015,111622.416666667,76,3,174,37.7,19235,11.71,3.09,93.33,0.43
60649,2016,124198,88,3,174,38.4,18969,12.97,3.76,93.07,0.55
60649,2017,135149.416666667,106,3,174,39.4,18872,14,3.61,93.47,0.61
60649,2018,136901.416666667,82,3,174,37.7,21615,13.4,4.05,92.9,0.42
60649,2019,142881.416666667,77,3,174,37.3,23829,13.98,3.82,93.44,0.34
60649,2020,143328.916666667,137,3,174,NA,NA,NA,NA,NA,NA
60649,2021,171838.916666667,156,3,174,NA,NA,NA,NA,NA,NA
60651,2000,160468.416666667,37,11,230,NA,NA,NA,NA,NA,NA
60651,2001,176918.583333333,43,11,230,NA,NA,NA,NA,NA,NA
60651,2002,193919.5,45,11,230,NA,NA,NA,NA,NA,NA
60651,2003,204192.5,31,11,230,NA,NA,NA,NA,NA,NA
60651,2004,228969.5,22,11,230,NA,NA,NA,NA,NA,NA
60651,2005,260125.833333333,14,11,230,NA,NA,NA,NA,NA,NA
60651,2006,299475.833333333,25,11,230,NA,NA,NA,NA,NA,NA
60651,2007,314248.333333333,27,11,230,NA,NA,NA,NA,NA,NA
60651,2008,292018.583333333,29,11,230,NA,NA,NA,NA,NA,NA
60651,2009,193110.75,30,11,230,NA,NA,NA,NA,NA,NA
60651,2010,165284.25,178,11,230,NA,NA,NA,NA,NA,NA
60651,2011,146694.666666667,131,11,230,30.7,17463,5.22,13.52,65.82,0.3
60651,2012,126054.25,150,11,230,31.5,17119,5.47,15.12,65.65,0.28
60651,2013,120317.166666667,105,11,230,32.7,16894,5.67,13.63,64.18,0.18
60651,2014,132998.916666667,135,3,230,32.7,17672,6.07,11.77,63.57,0.31
60651,2015,151069.5,182,3,230,33.4,18051,6.58,12.99,61.25,0.41
60651,2016,159989.416666667,265,3,230,33.3,18746,7.01,14.04,56.46,0.49
60651,2017,178061,227,3,230,33,19819,7.49,14.82,53.09,0.5
60651,2018,203817.5,169,3,230,33,20888,7.72,16.69,52.06,0.48
60651,2019,218447.166666667,162,3,230,33.5,22250,7.7,20.3,51.66,0.54
60651,2020,219383.666666667,237,3,230,NA,NA,NA,NA,NA,NA
60651,2021,247780.833333333,178,3,230,NA,NA,NA,NA,NA,NA
60652,2000,158445.75,4,2,130,NA,NA,NA,NA,NA,NA
60652,2001,172117.583333333,3,2,130,NA,NA,NA,NA,NA,NA
60652,2002,185327.416666667,6,2,130,NA,NA,NA,NA,NA,NA
60652,2003,200969.833333333,3,2,130,NA,NA,NA,NA,NA,NA
60652,2004,221068.666666667,1,2,130,NA,NA,NA,NA,NA,NA
60652,2005,246628.5,1,2,130,NA,NA,NA,NA,NA,NA
60652,2006,270958.75,1,2,130,NA,NA,NA,NA,NA,NA
60652,2007,274613.583333333,1,2,130,NA,NA,NA,NA,NA,NA
60652,2008,254660.333333333,2,2,130,NA,NA,NA,NA,NA,NA
60652,2009,206454.166666667,4,2,130,NA,NA,NA,NA,NA,NA
60652,2010,182286.666666667,45,2,130,NA,NA,NA,NA,NA,NA
60652,2011,160838,26,2,130,34,30363,10.83,27.42,50.21,0.36
60652,2012,148253.416666667,23,2,130,34.7,30564,11.38,29.11,50.23,0.37
60652,2013,151928.5,18,2,130,34.9,29482,11.37,29.06,47.79,0.45
60652,2014,160858.666666667,26,1,130,35.4,28768,11.48,29.44,47.1,0.42
60652,2015,167647.416666667,37,1,130,36.2,28005,11.37,28.43,47.6,0.68
60652,2016,180536.75,32,1,130,35.3,29833,11.49,26.87,47.48,0.74
60652,2017,193690.833333333,15,1,130,35.7,29754,11.99,26.29,47.06,0.75
60652,2018,197272.083333333,15,1,130,35.7,30249,11.65,27.21,47.14,0.9
60652,2019,200178.916666667,18,1,130,36.2,30582,12.02,29.1,45.62,1.06
60652,2020,210291,23,1,130,NA,NA,NA,NA,NA,NA
60652,2021,237624.75,30,1,130,NA,NA,NA,NA,NA,NA
60653,2000,171755.5,20,6,142,NA,NA,NA,NA,NA,NA
60653,2001,194758,12,6,142,NA,NA,NA,NA,NA,NA
60653,2002,201990.583333333,12,6,142,NA,NA,NA,NA,NA,NA
60653,2003,227743.916666667,7,6,142,NA,NA,NA,NA,NA,NA
60653,2004,253202.166666667,13,6,142,NA,NA,NA,NA,NA,NA
60653,2005,290077.666666667,8,6,142,NA,NA,NA,NA,NA,NA
60653,2006,321527.583333333,3,6,142,NA,NA,NA,NA,NA,NA
60653,2007,337563.75,9,6,142,NA,NA,NA,NA,NA,NA
60653,2008,323246.166666667,6,6,142,NA,NA,NA,NA,NA,NA
60653,2009,281011.75,9,6,142,NA,NA,NA,NA,NA,NA
60653,2010,250546.583333333,36,6,142,NA,NA,NA,NA,NA,NA
60653,2011,202876.166666667,61,6,142,35.1,18813,15.9,4.7,92.28,1.1
60653,2012,172988.166666667,48,6,142,34.3,18412,15.96,4.8,92.73,0.58
60653,2013,189279.666666667,38,6,142,35.6,18650,15.81,5.28,91.37,1.03
60653,2014,201811,62,2,142,35.9,18740,16.91,4.97,91.64,0.94
60653,2015,209974.666666667,58,2,142,36.2,18382,16.62,5.16,90.93,1.16
60653,2016,228037.916666667,61,2,142,36.1,18859,16.56,5.12,91.14,1.21
60653,2017,252899.583333333,48,2,142,35.9,20471,17.41,5.49,90.11,1.42
60653,2018,268548,44,2,142,35.1,21760,19.14,5.22,91,1.34
60653,2019,275836.416666667,40,2,142,34.4,22439,19.53,6.04,89.33,1.3
60653,2020,284861.333333333,54,2,142,NA,NA,NA,NA,NA,NA
60653,2021,314421,66,2,142,NA,NA,NA,NA,NA,NA
60654,2000,230581.75,0,0,67,NA,NA,NA,NA,NA,NA
60654,2001,267810.166666667,0,0,67,NA,NA,NA,NA,NA,NA
60654,2002,291467.5,0,0,67,NA,NA,NA,NA,NA,NA
60654,2003,304443.25,3,0,67,NA,NA,NA,NA,NA,NA
60654,2004,313555.25,0,0,67,NA,NA,NA,NA,NA,NA
60654,2005,336292.75,2,0,67,NA,NA,NA,NA,NA,NA
60654,2006,353952.333333333,1,0,67,NA,NA,NA,NA,NA,NA
60654,2007,354331.333333333,0,0,67,NA,NA,NA,NA,NA,NA
60654,2008,343536.666666667,1,0,67,NA,NA,NA,NA,NA,NA
60654,2009,321359.916666667,0,0,67,NA,NA,NA,NA,NA,NA
60654,2010,308491,1,0,67,NA,NA,NA,NA,NA,NA
60654,2011,294158.583333333,5,0,67,32.9,67124,67.63,76.93,4.11,12.15
60654,2012,290472.583333333,4,0,67,32.9,68650,68.04,78.3,3.85,10.6
60654,2013,329922.166666667,2,0,67,32.8,70146,67.88,78.56,5.31,9.67
60654,2014,363209.5,7,2,67,32.5,72456,69.3,76.56,4.59,11.64
60654,2015,376135.083333333,0,2,67,32.5,73992,70.72,78.18,5.66,11.23
60654,2016,393599.25,2,2,67,32.4,73934,68.8,77.63,5.35,11.94
60654,2017,406386.916666667,3,2,67,32.5,77334,70.27,79.12,4.59,12.09
60654,2018,406788.25,5,2,67,33.1,82351,68.56,77.7,5.44,12.58
60654,2019,398808.666666667,5,2,67,33.2,85968,71.21,75.88,5.4,14.33
60654,2020,400770.666666667,8,2,67,NA,NA,NA,NA,NA,NA
60654,2021,415801.666666667,22,2,67,NA,NA,NA,NA,NA,NA
60655,2000,158205.166666667,0,3,108,NA,NA,NA,NA,NA,NA
60655,2001,168372.833333333,0,3,108,NA,NA,NA,NA,NA,NA
60655,2002,184281.583333333,0,3,108,NA,NA,NA,NA,NA,NA
60655,2003,201467.5,1,3,108,NA,NA,NA,NA,NA,NA
60655,2004,225600.583333333,0,3,108,NA,NA,NA,NA,NA,NA
60655,2005,256252.75,1,3,108,NA,NA,NA,NA,NA,NA
60655,2006,280464.416666667,1,3,108,NA,NA,NA,NA,NA,NA
60655,2007,284532.25,0,3,108,NA,NA,NA,NA,NA,NA
60655,2008,270226,0,3,108,NA,NA,NA,NA,NA,NA
60655,2009,243117.75,0,3,108,NA,NA,NA,NA,NA,NA
60655,2010,228328.916666667,0,3,108,NA,NA,NA,NA,NA,NA
60655,2011,207798.833333333,0,3,108,36.9,45897,21.84,90.4,6.45,0.36
60655,2012,194350.333333333,0,3,108,37.9,46976,23.08,90.11,7.03,0.66
60655,2013,206969.166666667,1,3,108,37.6,46822,23.35,89.73,7.12,0.72
60655,2014,217173.75,1,1,108,37.9,46516,23.81,88.17,7.64,1.6
60655,2015,224497.833333333,0,1,108,37.8,49149,24.12,89.06,6.91,1.51
60655,2016,232578.666666667,0,1,108,37.9,49149,24.77,89.24,6.48,1.51
60655,2017,241602.333333333,1,1,108,38.2,49535,24.8,89.21,7.01,1.7
60655,2018,251095.083333333,1,1,108,38.7,51212,27.03,89.48,6.86,1.46
60655,2019,253452.083333333,0,1,108,39,53636,27.23,89.54,6.6,1.53
60655,2020,258950.333333333,3,1,108,NA,NA,NA,NA,NA,NA
60655,2021,283313.666666667,1,1,108,NA,NA,NA,NA,NA,NA
60656,2000,238710.833333333,1,2,70,NA,NA,NA,NA,NA,NA
60656,2001,266442.5,0,2,70,NA,NA,NA,NA,NA,NA
60656,2002,285167.666666667,0,2,70,NA,NA,NA,NA,NA,NA
60656,2003,307217.916666667,0,2,70,NA,NA,NA,NA,NA,NA
60656,2004,336339.666666667,0,2,70,NA,NA,NA,NA,NA,NA
60656,2005,375390.916666667,0,2,70,NA,NA,NA,NA,NA,NA
60656,2006,406556.25,1,2,70,NA,NA,NA,NA,NA,NA
60656,2007,396795,1,2,70,NA,NA,NA,NA,NA,NA
60656,2008,357087.916666667,0,2,70,NA,NA,NA,NA,NA,NA
60656,2009,295241.666666667,0,2,70,NA,NA,NA,NA,NA,NA
60656,2010,268833,0,2,70,NA,NA,NA,NA,NA,NA
60656,2011,243932.916666667,0,2,70,40.6,31561,19.89,87.13,0.63,7.02
60656,2012,233595.75,3,2,70,40.4,31431,18.66,85.72,0.84,7.39
60656,2013,253997.75,0,2,70,41.1,30820,19.83,85.7,0.81,7.59
60656,2014,282201.75,1,2,70,40,31905,20.81,85.29,0.91,7.45
60656,2015,289191.25,1,2,70,40.1,32203,21.51,82.84,0.73,8.23
60656,2016,301968.25,2,2,70,40.4,32187,23.71,84.05,1.2,7.33
60656,2017,316255.666666667,3,2,70,41.4,33720,25.73,84.75,0.91,6.15
60656,2018,317951.666666667,0,2,70,40.5,36021,25.61,84.04,1.24,7.4
60656,2019,316950,2,2,70,40.1,37824,26.31,83.38,1.29,8.51
60656,2020,327110.083333333,1,2,70,NA,NA,NA,NA,NA,NA
60656,2021,351703.916666667,0,2,70,NA,NA,NA,NA,NA,NA
60657,2000,324192.416666667,2,5,184,NA,NA,NA,NA,NA,NA
60657,2001,365971.083333333,6,5,184,NA,NA,NA,NA,NA,NA
60657,2002,395137.166666667,0,5,184,NA,NA,NA,NA,NA,NA
60657,2003,414890.916666667,3,5,184,NA,NA,NA,NA,NA,NA
60657,2004,432631.166666667,4,5,184,NA,NA,NA,NA,NA,NA
60657,2005,459602.083333333,1,5,184,NA,NA,NA,NA,NA,NA
60657,2006,483958.916666667,1,5,184,NA,NA,NA,NA,NA,NA
60657,2007,483419.666666667,4,5,184,NA,NA,NA,NA,NA,NA
60657,2008,463347.75,1,5,184,NA,NA,NA,NA,NA,NA
60657,2009,427435.75,0,5,184,NA,NA,NA,NA,NA,NA
60657,2010,415693.833333333,4,5,184,NA,NA,NA,NA,NA,NA
60657,2011,392472.333333333,1,5,184,30.6,48212,56.74,86.88,2.73,6.62
60657,2012,378383.25,1,5,184,30.4,49294,57.12,87.12,2.71,6.72
60657,2013,409362.916666667,1,5,184,30.5,50267,57.29,86.98,2.62,6.77
60657,2014,440407.416666667,4,7,184,30.4,51152,56.68,86.66,2.65,6.67
60657,2015,449399.083333333,2,7,184,30.9,52099,56.89,86.22,2.72,7.16
60657,2016,464258,14,7,184,30.9,53486,57.49,86.6,2.63,6.87
60657,2017,477413.333333333,2,7,184,31.2,56048,57.62,86.65,2.88,6.65
60657,2018,484258.25,1,7,184,31.2,58790,57.51,86.18,2.61,6.98
60657,2019,478859,4,7,184,31.2,61577,57.28,86.02,3.02,7
60657,2020,481843.583333333,4,7,184,NA,NA,NA,NA,NA,NA
60657,2021,506254.666666667,11,7,184,NA,NA,NA,NA,NA,NA
60659,2000,209104.333333333,2,14,125,NA,NA,NA,NA,NA,NA
60659,2001,241572.916666667,0,14,125,NA,NA,NA,NA,NA,NA
60659,2002,266400.25,2,14,125,NA,NA,NA,NA,NA,NA
60659,2003,288492.083333333,1,14,125,NA,NA,NA,NA,NA,NA
60659,2004,315836.75,2,14,125,NA,NA,NA,NA,NA,NA
60659,2005,355447.333333333,0,14,125,NA,NA,NA,NA,NA,NA
60659,2006,383943.416666667,1,14,125,NA,NA,NA,NA,NA,NA
60659,2007,384312,1,14,125,NA,NA,NA,NA,NA,NA
60659,2008,358739.333333333,0,14,125,NA,NA,NA,NA,NA,NA
60659,2009,306812.166666667,2,14,125,NA,NA,NA,NA,NA,NA
60659,2010,281976.583333333,5,14,125,NA,NA,NA,NA,NA,NA
60659,2011,248648.75,4,14,125,34.5,24483,18.62,49.18,8.74,27.27
60659,2012,241415.083333333,6,14,125,34.6,24706,20.2,52.17,6.3,29.72
60659,2013,260722.583333333,5,14,125,35.1,25397,22.16,51.74,5.27,32.93
60659,2014,291868.666666667,2,3,125,33.9,25706,22.35,52.07,7.45,31.15
60659,2015,302728.5,6,3,125,34.3,24835,21.82,55.37,6.93,29.64
60659,2016,322665.583333333,14,3,125,34.1,26041,21.21,55.09,8.33,27.67
60659,2017,338089.166666667,4,3,125,34.1,25203,20.8,54.62,8.48,27.15
60659,2018,338430.166666667,10,3,125,34.7,25179,19.91,53.73,10.11,26.6
60659,2019,334662.5,3,3,125,34.8,25939,18.21,52.38,8.25,27.81
60659,2020,345261.833333333,11,3,125,NA,NA,NA,NA,NA,NA
60659,2021,374809.083333333,13,3,125,NA,NA,NA,NA,NA,NA
60660,2000,172090.583333333,5,9,77,NA,NA,NA,NA,NA,NA
60660,2001,200878.25,2,9,77,NA,NA,NA,NA,NA,NA
60660,2002,225757.916666667,3,9,77,NA,NA,NA,NA,NA,NA
60660,2003,242835.083333333,4,9,77,NA,NA,NA,NA,NA,NA
60660,2004,259598.166666667,2,9,77,NA,NA,NA,NA,NA,NA
60660,2005,278347.333333333,3,9,77,NA,NA,NA,NA,NA,NA
60660,2006,296151.666666667,1,9,77,NA,NA,NA,NA,NA,NA
60660,2007,297575.083333333,2,9,77,NA,NA,NA,NA,NA,NA
60660,2008,280677.25,3,9,77,NA,NA,NA,NA,NA,NA
60660,2009,250064.916666667,0,9,77,NA,NA,NA,NA,NA,NA
60660,2010,234171.916666667,8,9,77,NA,NA,NA,NA,NA,NA
60660,2011,201948,9,9,77,35.5,26643,32.07,57.94,16.63,14.18
60660,2012,184523.75,10,9,77,35.6,26448,32.33,61.72,17.16,12.55
60660,2013,195282.083333333,7,9,77,36.2,26097,32.71,63.29,15.03,13.14
60660,2014,217115.5,5,3,77,36.8,26853,33.3,65.94,15.59,11.23
60660,2015,228597.166666667,12,3,77,36.8,26579,33.92,67.18,15.06,11.82
60660,2016,236439.5,6,3,77,37.1,26734,34.23,67.82,13.98,12.32
60660,2017,249567.75,7,3,77,37.7,27112,34.87,68.1,13.11,11.98
60660,2018,258634.416666667,1,3,77,36.7,29672,34.62,65.53,14.35,13.03
60660,2019,258391.916666667,3,3,77,36.2,31167,34.85,65.38,13.4,13.64
60660,2020,262797.5,6,3,77,NA,NA,NA,NA,NA,NA
60660,2021,276347.75,6,3,77,NA,NA,NA,NA,NA,NA
60661,2000,221008.916666667,1,3,33,NA,NA,NA,NA,NA,NA
60661,2001,253654.416666667,1,3,33,NA,NA,NA,NA,NA,NA
60661,2002,274037.583333333,0,3,33,NA,NA,NA,NA,NA,NA
60661,2003,278010.833333333,0,3,33,NA,NA,NA,NA,NA,NA
60661,2004,292539.333333333,0,3,33,NA,NA,NA,NA,NA,NA
60661,2005,316790.166666667,0,3,33,NA,NA,NA,NA,NA,NA
60661,2006,333819.25,3,3,33,NA,NA,NA,NA,NA,NA
60661,2007,330658,1,3,33,NA,NA,NA,NA,NA,NA
60661,2008,318355.083333333,0,3,33,NA,NA,NA,NA,NA,NA
60661,2009,296466.583333333,0,3,33,NA,NA,NA,NA,NA,NA
60661,2010,285183.583333333,2,3,33,NA,NA,NA,NA,NA,NA
60661,2011,268142.833333333,1,3,33,30.6,64293,67.19,68.11,7.91,19.77
60661,2012,261232.083333333,2,3,33,30.9,69659,69.01,68.76,7.56,20.63
60661,2013,292741.083333333,0,3,33,31,70788,70.08,69.2,6.15,21.95
60661,2014,323693.75,0,4,33,30.8,69991,69.13,64.06,5.89,27.16
60661,2015,336061.083333333,0,4,33,31,78590,72.44,62.34,6.48,28.9
60661,2016,354648.416666667,1,4,33,31.4,78590,72.11,63.01,4.45,30.09
60661,2017,371247.166666667,0,4,33,31.3,80943,70.91,59.98,4.1,32.98
60661,2018,380656.5,3,4,33,30.8,83539,72.72,57.29,3.6,35.79
60661,2019,374164,2,4,33,31.5,89233,72.79,63.55,4.32,28.49
60661,2020,373985.666666667,0,4,33,NA,NA,NA,NA,NA,NA
60661,2021,373872.833333333,1,4,33,NA,NA,NA,NA,NA,NA
