"zipcode","year","med_age","med_income","bachelor_hrate","white_rate","black_rate","asian_rate"
60601,2011,35.3,63344,56.73,70.62,7.29,17.35
60602,2011,33.2,56458,56.3,73.85,1.48,19.55
60603,2011,27.2,37313,47.29,66.88,4.38,28.75
60604,2011,51.9,76250,65.39,82.95,0,10.43
60605,2011,34.7,51532,51.83,58.27,22.02,14.52
60606,2011,33,63381,65.99,88.27,2.07,6.74
60607,2011,30.8,46992,47.31,59.12,18.89,16.7
60608,2011,31,18051,10.5,40.38,16.48,8.52
60609,2011,29.4,18855,5.52,42.88,29.06,3.57
60610,2011,34.5,49293,46.78,71.03,19.37,6.81
60611,2011,45.1,62356,55.01,80.13,3.63,12.82
60612,2011,30.6,23381,18.26,27.08,60.39,5.19
60613,2011,31.8,44685,49.41,81.71,6.4,6.53
60614,2011,30.4,52090,53.33,87.3,4.03,5.67
60615,2011,33.6,25971,30.91,26.87,61.5,6.73
60616,2011,36.1,22031,23.85,28.44,26.39,37.51
60617,2011,34.9,21161,8.37,29.89,54.34,0.29
60618,2011,32.7,29041,25.3,67.23,2.8,5.23
60619,2011,39.9,22787,12.63,0.68,97.72,0.15
60620,2011,36.6,18961,6.7,0.97,97.96,0.14
60621,2011,32.7,13570,3.44,1.23,97.87,0.04
60622,2011,30.7,37395,41.44,72.78,8.66,3.03
60623,2011,26.9,17163,3.78,41.31,33.28,0.14
60624,2011,27.4,14225,4.6,2.31,95.75,0.13
60625,2011,32.7,24837,24.42,49.02,4.45,14.05
60626,2011,32.9,23902,25.64,53.13,25.16,6.96
60628,2011,36,20256,7.93,3.29,94.76,0.14
60629,2011,28.9,21764,4.45,31.16,25.18,0.66
60630,2011,37.8,27974,18.19,73.87,0.97,9.35
60631,2011,42.5,38894,22.88,90.54,0.82,2.4
60632,2011,28.3,20669,4.76,58.46,1.87,3.89
60633,2011,36,25970,7.96,59.13,27.15,0.7
60634,2011,38.9,26871,13,74.38,1.58,4.6
60636,2011,31.1,14336,3.6,2.64,95.3,0.1
60637,2011,31.2,18323,15.13,16.24,78.3,3.65
60638,2011,36.4,30286,10.92,72.33,4.25,1.27
60639,2011,30.4,18959,4.39,27.58,17.92,0.86
60640,2011,36.2,30078,38.2,58.45,18.53,12.98
60641,2011,35,24740,12.89,57.85,2.97,4.34
60642,2011,31.3,43039,44.53,66.43,13.85,5.76
60643,2011,41.2,31088,19.85,26.3,71.56,0.43
60644,2011,33.6,16299,5.66,4.3,93.43,0.38
60645,2011,35.2,25871,20.26,53.9,17.61,15.77
60646,2011,42.6,33977,26.36,81.47,1.63,10.66
60647,2011,31.1,27544,25.8,70.59,7.55,2.99
60649,2011,38.1,20458,14.05,1.75,94.61,0.27
60651,2011,30.7,17463,5.22,13.52,65.82,0.3
60652,2011,34,30363,10.83,27.42,50.21,0.36
60653,2011,35.1,18813,15.9,4.7,92.28,1.1
60654,2011,32.9,67124,67.63,76.93,4.11,12.15
60655,2011,36.9,45897,21.84,90.4,6.45,0.36
60656,2011,40.6,31561,19.89,87.13,0.63,7.02
60657,2011,30.6,48212,56.74,86.88,2.73,6.62
60659,2011,34.5,24483,18.62,49.18,8.74,27.27
60660,2011,35.5,26643,32.07,57.94,16.63,14.18
60661,2011,30.6,64293,67.19,68.11,7.91,19.77
60707,2011,37.8,27122,14.9,71.25,6.9,2.89
60827,2011,30.7,21591,6.8,7.5,90.24,0.22
60601,2012,34.5,58718,56.47,67.98,6.95,19.35
60602,2012,32.1,52807,54.61,72.16,2.72,20.12
60603,2012,27.1,39091,45.43,67.9,4.65,27.45
60604,2012,52.6,89375,70.79,82.01,0,12.85
60605,2012,33.9,49287,51.68,57.75,21.49,16.14
60606,2012,30.9,64272,70.36,84.12,2.08,10.96
60607,2012,30.9,48175,47.72,57.05,17.47,19.15
60608,2012,30.9,18211,10.88,44.56,16.02,9.06
60609,2012,29.1,18605,5.77,46.02,28.8,3.79
60610,2012,34.6,52660,47.13,72.61,16.81,7.79
60611,2012,42.9,65089,57.45,78.61,3.18,14.92
60612,2012,30.3,22604,19.22,25.76,62.9,5.13
60613,2012,31.9,45176,51.23,81.89,6.62,6.85
60614,2012,30.1,52129,52.61,86.85,4.03,5.75
60615,2012,33.8,26437,29.99,26.91,61.67,6.22
60616,2012,36,21390,24.16,29.01,25.52,37.32
60617,2012,35.7,21455,8.53,33.41,54.81,0.29
60618,2012,32.5,29176,24.7,72.41,2.71,4.73
60619,2012,39.4,21871,12.02,0.75,97.65,0.15
60620,2012,37.6,18374,6.61,0.87,97.85,0.12
60621,2012,31.6,13137,2.91,1.1,97.31,0.07
60622,2012,31,39125,42.3,74.41,8.68,3.41
60623,2012,27.3,16607,3.72,48.75,34.24,0.17
60624,2012,27.3,14451,4.32,2.19,96.17,0.09
60625,2012,32.8,25818,25.59,52.4,4.33,13.13
60626,2012,32.6,22705,25.49,53.59,26.84,7.66
60628,2012,37.1,20211,8.26,3.55,94.36,0.32
60629,2012,29.1,21429,4.4,33.09,24.7,0.76
60630,2012,38,28069,18.62,73.23,1.15,9.73
60631,2012,43.5,38514,23.15,91.8,0.83,2.22
60632,2012,28.5,20539,4.57,62.7,1.82,4.14
60633,2012,37,25170,8.89,62.29,27.77,0.76
60634,2012,38.9,26728,13.64,76.46,1.48,3.99
60636,2012,32.1,14984,3.73,2.81,94.46,0.11
60637,2012,31.7,17698,15.22,16.15,77.85,3.96
60638,2012,37.2,29919,11.71,75.12,4.05,1.07
60639,2012,30.5,19007,4.37,30.27,17.78,0.67
60640,2012,36.8,30434,38.51,58.74,18.82,13.03
60641,2012,35.3,24965,13.4,59.47,2.65,4.35
60642,2012,31.8,41934,46.2,71.47,13.18,5.61
60643,2012,42.6,30666,19.54,24.81,72.93,0.34
60644,2012,32.5,16082,5.42,3.45,94.7,0.28
60645,2012,35.3,25400,21.01,56.68,16.87,15.69
60646,2012,43.1,32701,27.16,81.04,1.67,10.72
60647,2012,31.4,28016,27.12,76.96,6.96,2.79
60649,2012,38.3,20689,13.61,1.95,94.29,0.33
60651,2012,31.5,17119,5.47,15.12,65.65,0.28
60652,2012,34.7,30564,11.38,29.11,50.23,0.37
60653,2012,34.3,18412,15.96,4.8,92.73,0.58
60654,2012,32.9,68650,68.04,78.3,3.85,10.6
60655,2012,37.9,46976,23.08,90.11,7.03,0.66
60656,2012,40.4,31431,18.66,85.72,0.84,7.39
60657,2012,30.4,49294,57.12,87.12,2.71,6.72
60659,2012,34.6,24706,20.2,52.17,6.3,29.72
60660,2012,35.6,26448,32.33,61.72,17.16,12.55
60661,2012,30.9,69659,69.01,68.76,7.56,20.63
60707,2012,38.2,27284,15.88,72.2,6.6,3.07
60827,2012,31.5,21523,6.65,8.33,90.58,0
60611,2013,39.5,64987,57.72,77.87,3.75,15.22
60616,2013,35.8,22184,24.48,28.58,24.16,39.1
60651,2013,32.7,16894,5.67,13.63,64.18,0.18
60604,2013,54,88542,71.33,81.69,0,16.39
60612,2013,30.6,22462,19.11,27.05,61.51,4.43
60613,2013,31.5,45749,52.88,83.45,6.09,5.85
60617,2013,36.1,20911,8.45,33.62,55.51,0.36
60618,2013,32.9,29899,25.35,77.87,2.44,4.18
60624,2013,27.9,14554,3.97,2.57,95.71,0.11
60626,2013,33,22635,26.48,56.23,26.38,6.86
60630,2013,38.1,28122,19.23,73.03,1.32,11.19
60632,2013,29.3,20000,4.39,61.4,1.84,4.58
60645,2013,35,25111,20.3,57.07,16.95,15.14
60653,2013,35.6,18650,15.81,5.28,91.37,1.03
60654,2013,32.8,70146,67.88,78.56,5.31,9.67
60657,2013,30.5,50267,57.29,86.98,2.62,6.77
60659,2013,35.1,25397,22.16,51.74,5.27,32.93
60707,2013,39.1,27586,16.42,73.08,7.56,3.25
60614,2013,29.8,52483,52.79,87.6,3.9,5.05
60615,2013,33.9,26691,30.74,27,60.71,7.3
60619,2013,39.4,22123,12.41,0.89,97.43,0.2
60621,2013,31.6,12933,3.26,1.37,96.58,0.1
60636,2013,32.2,14974,4.03,2.49,93.91,0.3
60639,2013,30.3,19066,4.39,29.11,16.41,0.55
60643,2013,42.1,30655,19.05,25.08,72.42,0.23
60647,2013,31.6,28369,27,77.29,6.35,3.16
60603,2013,26.1,44028,42.06,65.31,4.31,30.39
60607,2013,30.6,47557,50.3,57.9,16.87,18.94
60609,2013,30.4,17638,5.82,47.49,28.51,4.51
60625,2013,33.4,26424,27.28,58.23,4.65,13.59
60646,2013,42.7,34150,28.72,83.21,0.96,10.44
60652,2013,34.9,29482,11.37,29.06,47.79,0.45
60610,2013,34.3,51900,48.07,72.15,17.41,7.15
60622,2013,31.1,39767,43.15,73.95,8.21,3.45
60660,2013,36.2,26097,32.71,63.29,15.03,13.14
60602,2013,32.4,55030,46.55,72.18,2.39,21.74
60601,2013,36.6,60318,58.7,66.7,10.99,18.27
60608,2013,31.3,18410,11.79,44.56,16.29,9.68
60620,2013,38.2,17492,7.31,1.08,96.93,0.17
60634,2013,38.9,26623,12.98,78.57,1.23,3.73
60637,2013,30.7,17126,14.97,16.44,77.02,4.3
60644,2013,32.5,16127,5.08,3.16,94.51,0.32
60605,2013,33.1,52584,52.77,60.47,18.28,16.64
60606,2013,30.9,65625,70.24,83.43,1.86,13.23
60623,2013,27.8,16524,3.58,47.79,34.18,0.18
60629,2013,29.2,20493,4.08,34.35,23.35,0.64
60633,2013,36.6,24288,9.69,64.76,25.43,0.97
60638,2013,37.2,29112,12.31,75.84,3.75,1.21
60640,2013,37.2,30433,39.34,60.22,18.6,12.87
60649,2013,37.9,19802,13.47,2.02,94.35,0.34
60655,2013,37.6,46822,23.35,89.73,7.12,0.72
60661,2013,31,70788,70.08,69.2,6.15,21.95
60827,2013,31,21170,6.63,5.78,92.1,0
60631,2013,43.7,36663,22.62,91.91,1.08,2.2
60642,2013,31.7,42571,47.76,73.11,11.44,4.99
60656,2013,41.1,30820,19.83,85.7,0.81,7.59
60628,2013,37.5,20128,8.64,3.7,94.48,0.29
60641,2013,35.3,24755,13.74,61.61,2.25,4.32
60601,2014,37.7,57877,57.88,69.68,10.23,16.14
60602,2014,25.9,41250,54.3,78.52,1.68,15.54
60603,2014,26.5,53929,47.31,61.18,1,33.33
60604,2014,52.4,92188,59.19,77.8,3.1,16.23
60605,2014,33.3,53316,51.77,58.92,19.69,16.54
60606,2014,30.7,67838,73.06,82.29,2.25,14.44
60607,2014,30.3,49760,49.84,60.83,15.13,18.93
60608,2014,31.3,19207,12.54,46.44,17.34,9.46
60609,2014,30.7,17308,6.4,47.76,26.43,5.28
60610,2014,33.7,52184,48.82,73.75,16.62,6.28
60611,2014,37.6,65431,57.49,75.83,4.02,15.74
60612,2014,30.8,22204,19.12,27.87,61.22,4.07
60613,2014,31.6,46359,53.05,82.42,6.63,6.65
60614,2014,30,53304,53.29,86.93,3.98,5.52
60615,2014,32.9,27125,30.76,26.4,59.66,8.35
60616,2014,36.1,21989,24.4,28.54,25.39,39.09
60617,2014,36.4,21336,7.94,35.91,54.49,0.23
60618,2014,33.3,30089,26.22,79.92,2.44,5
60619,2014,39.4,21347,12.66,0.83,97.19,0.25
60620,2014,38.6,18297,8.26,1.2,96.86,0.2
60621,2014,31.5,12851,3.33,1.83,95.48,0.25
60622,2014,31.2,40674,44.45,73.94,8.32,3.55
60623,2014,28.1,16695,3.6,48.3,33.05,0.18
60624,2014,27.8,14987,3.22,2.53,94.71,0.16
60625,2014,33.4,27207,28.15,61.78,4.37,13.06
60626,2014,34.2,22428,27.35,58.33,24.93,7.36
60628,2014,38.1,19548,8.79,3.66,94.36,0.3
60629,2014,29.8,20124,4.25,34.84,21.96,0.65
60630,2014,38.7,30280,20.39,72.71,0.97,11.48
60631,2014,44.5,37249,23.41,93.16,1.51,1.69
60632,2014,30.4,19846,4.24,59.23,1.45,4.52
60633,2014,37.6,22069,10,68.51,23.92,0.93
60634,2014,38.8,26990,12.73,79.14,1.65,3.87
60636,2014,32.8,15520,4.45,2.14,93.18,0.28
60637,2014,30.7,17513,15.14,16.01,77.4,4.02
60638,2014,37.5,29005,12.96,74.46,2.91,1.15
60639,2014,30.7,19207,4.65,31.96,15.48,0.88
60640,2014,37.8,30578,40.18,62.44,18.32,11.77
60641,2014,35.7,24862,14.33,63.52,2.64,4.67
60642,2014,31.5,43423,48.23,73.07,8.87,5.75
60643,2014,43.4,29792,19.07,23.44,73.48,0.22
60644,2014,31.5,16233,4.96,2.98,94.1,0.15
60645,2014,35.7,25258,21.71,60.13,16.45,15.65
60646,2014,43.8,34634,28.55,83.72,0.65,10.21
60647,2014,31.6,29435,28,76.95,6.35,2.62
60649,2014,38.1,19671,12.4,2.84,93.6,0.39
60651,2014,32.7,17672,6.07,11.77,63.57,0.31
60652,2014,35.4,28768,11.48,29.44,47.1,0.42
60653,2014,35.9,18740,16.91,4.97,91.64,0.94
60654,2014,32.5,72456,69.3,76.56,4.59,11.64
60655,2014,37.9,46516,23.81,88.17,7.64,1.6
60656,2014,40,31905,20.81,85.29,0.91,7.45
60657,2014,30.4,51152,56.68,86.66,2.65,6.67
60659,2014,33.9,25706,22.35,52.07,7.45,31.15
60660,2014,36.8,26853,33.3,65.94,15.59,11.23
60661,2014,30.8,69991,69.13,64.06,5.89,27.16
60707,2014,38.9,28444,16.15,70.84,8.52,3.83
60827,2014,31.4,21601,6.66,5.52,91.87,0
60611,2015,38.4,68381,58.84,75.05,4.08,17.38
60616,2015,36,23176,25.3,27.1,25.14,40.89
60651,2015,33.4,18051,6.58,12.99,61.25,0.41
60614,2015,30.1,55429,53.74,86.12,4.45,5.77
60615,2015,33.1,27230,30.34,27.32,58.4,8.08
60619,2015,39.8,20933,11.25,1.2,96.92,0.32
60621,2015,31.2,12973,3.55,1.5,95.21,0.26
60636,2015,34.3,16000,4.76,1.91,92.74,0.31
60639,2015,31.3,19595,5.31,34.42,14.11,1.04
60643,2015,43.8,29511,19.41,22.63,73.57,0.25
60647,2015,31.4,30295,29.36,76.37,6.48,2.67
60601,2015,36.2,62143,57.6,70.51,8.1,18.65
60608,2015,31.7,20111,13.41,47.04,16.43,9.72
60620,2015,39.6,18720,8.88,1.56,96.34,0.23
60634,2015,39,27575,13.18,78.26,1.82,4.26
60637,2015,30,17275,14.51,15.31,77.69,4.27
60644,2015,32.7,17062,5.51,3.35,93.34,0.14
60605,2015,32.7,59659,50.89,59.52,19.3,15.74
60606,2015,31.5,67676,74.11,76.57,2.39,19.95
60623,2015,28.5,16744,3.91,46.83,32.26,0.2
60629,2015,30.4,20562,4.28,35.11,20.84,0.77
60633,2015,36.9,24344,10.64,67.92,24.42,0.42
60638,2015,37.7,28258,12.59,74.02,2.83,1.08
60640,2015,37.4,31070,39.87,62.17,19.77,10.61
60649,2015,37.7,19235,11.71,3.09,93.33,0.43
60655,2015,37.8,49149,24.12,89.06,6.91,1.51
60661,2015,31,78590,72.44,62.34,6.48,28.9
60827,2015,31,21115,6.06,5.2,91.41,0.16
60631,2015,43.5,38425,25.6,92.17,1.48,2.08
60607,2015,30.3,50125,49.22,60.33,14.31,20.06
60609,2015,31.4,18157,6.72,48.32,24.69,5.4
60625,2015,34,27134,29.12,64.1,4.22,13.55
60646,2015,43.8,36264,28.16,83.72,0.76,10.76
60652,2015,36.2,28005,11.37,28.43,47.6,0.68
60603,2015,27.1,57132,49.72,64.13,1.67,29.83
60642,2015,31.5,46104,50.48,74.56,8.24,5.4
60656,2015,40.1,32203,21.51,82.84,0.73,8.23
60628,2015,37.7,19311,9.25,4.01,94.11,0.31
60641,2015,35.7,26278,15.53,65.93,2.24,4.07
60604,2015,46.4,101597,66.06,69.72,2.2,26.97
60612,2015,30.5,21786,18.79,25.26,63.95,3.93
60613,2015,31.9,47166,53.92,83.64,6.19,5.4
60617,2015,36.3,21156,8.28,36.24,56.16,0.18
60618,2015,33.5,30168,26.35,80.53,2.23,5.55
60624,2015,28.8,15412,3.15,2.72,94.41,0.19
60626,2015,34.4,23011,27.13,60.24,23.09,7.48
60630,2015,39.3,30231,20.01,71.81,1.38,12.58
60632,2015,30.7,20198,4.66,55.04,1.96,4.49
60645,2015,35.8,25236,21.93,59.17,17.6,16.55
60653,2015,36.2,18382,16.62,5.16,90.93,1.16
60654,2015,32.5,73992,70.72,78.18,5.66,11.23
60657,2015,30.9,52099,56.89,86.22,2.72,7.16
60659,2015,34.3,24835,21.82,55.37,6.93,29.64
60707,2015,37.8,27442,16.24,71.55,8.66,3.65
60610,2015,33.1,52046,48.44,73.69,15.85,6.6
60622,2015,31.3,42533,45.7,74.79,8.32,4.02
60660,2015,36.8,26579,33.92,67.18,15.06,11.82
60602,2015,25.9,51806,55.1,84.7,2.32,11.13
60610,2016,34.1,57359,49.84,74.24,15.54,6.63
60622,2016,31.8,46027,47.34,74.41,7.93,4.06
60660,2016,37.1,26734,34.23,67.82,13.98,12.32
60602,2016,26.3,51806,57.27,73.24,2.4,23.48
60651,2016,33.3,18746,7.01,14.04,56.46,0.49
60611,2016,38.9,70959,57.69,76.27,3.19,17.12
60616,2016,36.2,23176,26.24,27.65,25.5,40.71
60603,2016,26.3,59808,46.26,59.96,3.21,32.17
60604,2016,44.6,101597,60.1,61.55,4.52,33.93
60612,2016,31.1,21962,19.61,24.96,63.43,4
60613,2016,32.1,49334,52.78,82.78,5.84,5.92
60617,2016,37.5,21310,8.09,36.93,56.6,0.11
60618,2016,33.8,31453,28.06,81.47,2.52,5.85
60624,2016,28.7,15733,3.88,2.77,93.27,0.14
60626,2016,33.9,23154,27.48,61.13,24.24,6.58
60630,2016,38.6,31226,21.64,71.7,1.42,11.68
60632,2016,30.6,21080,4.69,51.46,1.67,4.72
60645,2016,35.7,26160,22.57,58.58,17.78,16.67
60653,2016,36.1,18859,16.56,5.12,91.14,1.21
60654,2016,32.4,73934,68.8,77.63,5.35,11.94
60657,2016,30.9,53486,57.49,86.6,2.63,6.87
60659,2016,34.1,26041,21.21,55.09,8.33,27.67
60707,2016,39.2,28731,16.35,71.8,10.03,3.4
60647,2016,31.4,31253,31.07,75.97,6.54,2.8
60629,2016,30.4,21078,4.35,35.77,20.19,0.53
60633,2016,39.1,24208,10.03,70.12,23.1,0.2
60638,2016,38.4,29621,12.41,73.66,2.98,0.92
60640,2016,37.5,31066,38.78,63.25,18.74,11.26
60649,2016,38.4,18969,12.97,3.76,93.07,0.55
60655,2016,37.9,49149,24.77,89.24,6.48,1.51
60661,2016,31.4,78590,72.11,63.01,4.45,30.09
60827,2016,31.9,20604,6.4,4.88,91.69,0.15
60631,2016,43.3,39209,25.65,91.37,0.98,2.62
60642,2016,31.8,48716,50.58,73.72,9.61,5.12
60656,2016,40.4,32187,23.71,84.05,1.2,7.33
60628,2016,37.9,19000,9.44,4.06,94.18,0.32
60641,2016,35.7,27283,17.49,64.67,2.54,4.39
60601,2016,38.3,61474,55.74,73.11,7.8,16.28
60608,2016,31.6,21329,15,47.92,17.76,10.7
60620,2016,39.6,19580,9.51,1.35,96.6,0.28
60634,2016,38.6,29744,14.34,79.34,1.68,4.64
60637,2016,30.3,18751,15.65,15.38,77.52,4.01
60644,2016,32.6,17062,5.87,3.41,93.04,0.04
60605,2016,32.8,59659,53.06,58.63,17.83,18.78
60606,2016,33,76344,72.83,76.75,2.39,16.94
60623,2016,29.3,17537,4.31,43.31,32.03,0.21
60607,2016,30.5,51783,49.92,58.99,14.01,21.14
60609,2016,31.6,19004,6.77,46.94,24.05,5.46
60625,2016,34,29238,30.36,65.02,4.46,14.26
60646,2016,43.9,41151,29.34,84.79,0.73,10.16
60652,2016,35.3,29833,11.49,26.87,47.48,0.74
60614,2016,30.1,57483,53.56,85.51,4.16,6.42
60615,2016,33.5,29394,30.84,28.32,57.85,8.17
60619,2016,39.1,20949,11.9,1.33,96.74,0.22
60621,2016,31.2,12973,4.03,1.65,95.29,0.22
60636,2016,35.3,16733,4.81,2.17,91.41,0.31
60639,2016,31.8,20310,5.65,33.99,12.95,1.02
60643,2016,43.9,29943,19.91,23.2,72.78,0.17
60601,2017,37.6,71305,57.32,74.77,8.27,15.41
60608,2017,32.2,22448,16.4,47.17,17.94,11.05
60620,2017,40.3,20079,9.76,1.59,96.16,0.28
60634,2017,39,30582,14.27,80.11,1.45,5.23
60637,2017,30.6,19080,15.82,15.93,76.7,4.31
60644,2017,32.9,17070,5.96,3.92,91.86,0.07
60605,2017,33.6,64038,53.17,60.38,17.68,16.88
60606,2017,35.2,90577,72.63,75.53,2.57,14.6
60623,2017,30,18951,4.73,40.22,32.06,0.11
60629,2017,30.6,21568,4.47,37.74,19.75,0.41
60633,2017,37.8,25580,9.05,72.36,21.67,0.34
60638,2017,37.7,31213,12.19,73.11,3.36,0.64
60640,2017,37.4,31855,39.57,64.77,17.4,11.1
60649,2017,39.4,18872,14,3.61,93.47,0.61
60655,2017,38.2,49535,24.8,89.21,7.01,1.7
60661,2017,31.3,80943,70.91,59.98,4.1,32.98
60827,2017,32.7,22557,6.93,4.88,91.28,0.15
60631,2017,42.8,40995,25.41,90.25,1,2.63
60611,2017,40,72100,55.23,76.18,3.32,16.81
60616,2017,36.5,25657,27.84,27.98,25.44,40.65
60651,2017,33,19819,7.49,14.82,53.09,0.5
60610,2017,33.7,59927,50.53,73.32,17.08,6.44
60622,2017,31.7,49268,50.43,76.62,7.04,4.26
60660,2017,37.7,27112,34.87,68.1,13.11,11.98
60602,2017,31.1,64773,61.47,76.43,0.86,18.17
60614,2017,30.2,60365,54.4,84.99,4.3,6.93
60615,2017,33.9,29612,31.41,28.89,56.41,9
60619,2017,39.4,21527,12.54,1.52,96.34,0.24
60621,2017,32.2,13750,4.08,1.98,95.16,0.22
60636,2017,37.6,17146,4.87,2.72,91.05,0.31
60639,2017,32.2,21292,6.41,37.13,13.25,1.46
60643,2017,43.4,30960,19.65,22.45,73.04,0.29
60647,2017,31.6,35334,33.64,76,6.73,3.05
60603,2017,26.7,65583,45.36,58.98,2.26,34.5
60607,2017,30.1,53690,50.24,60.14,12.72,22.12
60609,2017,32.3,19941,7.49,47.55,23.98,6.16
60625,2017,34.2,30974,30.87,65.84,4.93,13.97
60646,2017,44.3,45816,29.72,84.73,0.88,9.74
60652,2017,35.7,29754,11.99,26.29,47.06,0.75
60642,2017,31.6,53309,52.59,70.72,9.01,6.47
60656,2017,41.4,33720,25.73,84.75,0.91,6.15
60628,2017,37.9,20290,9.42,4.25,94.06,0.23
60641,2017,35.7,29331,17.94,67.02,2.41,4.67
60604,2017,40.6,91250,52.99,62.57,6.29,31.14
60612,2017,31.3,22457,19.69,25.63,62.21,4.28
60613,2017,32.2,51146,52.15,83.37,5.76,5.89
60617,2017,37.7,21709,8.29,38.04,56.08,0.11
60618,2017,34.1,32477,29.75,80.85,2.46,6.45
60624,2017,29.4,16254,3.73,3.5,92.32,0.29
60626,2017,33.9,24674,27.63,60.37,24.67,5.67
60630,2017,39.8,32271,22.11,72.54,1.48,11.98
60632,2017,30.8,21851,5.24,50.72,1.76,5.36
60645,2017,35.5,26397,22.19,57.06,17.67,16.72
60653,2017,35.9,20471,17.41,5.49,90.11,1.42
60654,2017,32.5,77334,70.27,79.12,4.59,12.09
60657,2017,31.2,56048,57.62,86.65,2.88,6.65
60659,2017,34.1,25203,20.8,54.62,8.48,27.15
60707,2017,39.5,28373,15.34,72.8,8.86,3.5
60604,2018,32.4,86250,49.74,63.43,5.63,29.67
60612,2018,31.6,24183,21.43,27.72,60.48,4.65
60613,2018,33.1,54111,52.77,81.9,5.79,6.6
60617,2018,37,23162,7.92,38.04,55.8,0.2
60618,2018,34.4,35993,31.25,78.77,2.4,6.17
60624,2018,30.7,16594,4.47,3.69,90.85,0.31
60626,2018,34,26090,28.58,59.2,25.27,5.89
60630,2018,40.2,35441,22.87,71.48,1.62,11.43
60632,2018,30.9,22844,5.59,51.75,1.86,5.68
60645,2018,35.6,27787,22.03,56.9,17.11,16.35
60653,2018,35.1,21760,19.14,5.22,91,1.34
60603,2018,28.9,60833,53.41,63.46,3.24,27.6
60654,2018,33.1,82351,68.56,77.7,5.44,12.58
60657,2018,31.2,58790,57.51,86.18,2.61,6.98
60659,2018,34.7,25179,19.91,53.73,10.11,26.6
60707,2018,39.6,28267,15.93,72.58,8.04,3.91
60661,2018,30.8,83539,72.72,57.29,3.6,35.79
60827,2018,32.7,22699,7.09,5.06,91.83,0.16
60631,2018,42.6,47582,27.82,90.48,1.51,2.93
60642,2018,31.2,57243,55.53,72,10.34,7.18
60656,2018,40.5,36021,25.61,84.04,1.24,7.4
60628,2018,38.8,20913,9.46,4.4,93.75,0.18
60641,2018,35.9,30775,18.58,68.23,2.41,4.64
60601,2018,34.9,69769,60.34,74.17,5.57,18
60608,2018,32.4,24325,17.18,44.61,17.65,12.09
60620,2018,40.8,21467,9.47,1.66,96.41,0.4
60634,2018,39.1,31502,14.98,78.49,2.18,5.49
60637,2018,30.7,20154,15.77,16.18,76.21,4.49
60644,2018,33.3,17341,6.31,4.77,89.95,0.24
60605,2018,33.9,64506,52.47,61.2,17.18,16.1
60606,2018,37.2,96226,73.81,72.75,2.35,18.09
60623,2018,30.3,19820,5.13,38.38,31.23,0.09
60629,2018,31.2,22327,4.92,42.05,19.74,0.44
60633,2018,38.9,26193,8.86,70.99,23.21,0.29
60638,2018,37.7,33793,11.99,72.43,3.19,0.59
60640,2018,37.3,34347,38.9,64.27,16.96,11.03
60649,2018,37.7,21615,13.4,4.05,92.9,0.42
60655,2018,38.7,51212,27.03,89.48,6.86,1.46
60615,2018,33.8,30850,32.45,30.1,55.22,8.09
60619,2018,41.3,22693,12.68,1.63,96.08,0.32
60621,2018,34,14881,4.53,2.58,94.77,0.26
60636,2018,40,18322,4.88,3.96,89.91,0.04
60639,2018,33.1,22208,6.95,43.27,13.86,1.65
60643,2018,43.5,31884,20.43,22.24,73.53,0.36
60647,2018,31.8,37456,36.48,76.74,6.55,3.18
60610,2018,33.6,63498,52.48,73.82,14.96,8.17
60622,2018,31.7,52998,52.06,78.45,6.73,4.56
60660,2018,36.7,29672,34.62,65.53,14.35,13.03
60602,2018,30.6,65167,75.24,68.17,3.78,19.45
60611,2018,38.9,75026,55.93,74.9,2.75,17.91
60616,2018,36.8,26283,28.61,28.77,25.02,40.5
60651,2018,33,20888,7.72,16.69,52.06,0.48
60607,2018,30.1,56126,48.61,58.17,14.51,22.58
60609,2018,31.7,20840,7.75,44.72,24.71,6.3
60625,2018,34.2,31771,31.11,64.67,4.98,13.26
60646,2018,43.7,46241,29.16,83.26,1.09,10.35
60652,2018,35.7,30249,11.65,27.21,47.14,0.9
60614,2018,30.3,63997,55.15,84.61,4.01,7.45
60604,2019,32.2,72333,57.35,64.64,4.98,29.16
60612,2019,32.5,25737,22.25,29.35,59.65,4.42
60613,2019,33.6,56217,53.59,81.74,6.01,6.98
60617,2019,36,24162,8.63,36.86,56.69,0.26
60618,2019,34.4,39271,31.97,76.27,2.89,6.18
60624,2019,32.1,16725,5.04,4.48,90.68,0.15
60626,2019,33.7,27826,28.19,57.02,27.2,5.41
60630,2019,40.5,35562,24.28,70.68,1.69,11.22
60632,2019,30.9,24267,6.04,52.49,1.9,6.91
60645,2019,35.6,30141,22.95,54.62,15.39,17.94
60653,2019,34.4,22439,19.53,6.04,89.33,1.3
60654,2019,33.2,85968,71.21,75.88,5.4,14.33
60657,2019,31.2,61577,57.28,86.02,3.02,7
60659,2019,34.8,25939,18.21,52.38,8.25,27.81
60707,2019,40.5,29958,16.13,72.3,7.06,3.56
60642,2019,31.6,63141,61.18,73.71,10.15,7.43
60656,2019,40.1,37824,26.31,83.38,1.29,8.51
60628,2019,39.2,22201,10.05,4.7,93.13,0.21
60641,2019,36.9,31643,19.09,67.4,2.54,4.72
60601,2019,33.6,71902,59.6,72.96,4.59,18.96
60608,2019,32.6,26557,18.92,45.04,17,12.47
60620,2019,40.3,22018,9.3,2.12,95.69,0.44
60634,2019,39.7,32517,16.01,77.38,1.86,5.74
60637,2019,30.6,19996,16.01,16.66,75.44,4.69
60644,2019,35.1,17635,6.74,6.19,88.82,0.28
60605,2019,33.6,65876,52.92,63.21,15.32,15.06
60606,2019,36.3,103766,74.87,70.52,1.76,20.29
60623,2019,31.3,20614,5.63,38.01,30.46,0.1
60629,2019,31.2,23671,5.21,43.78,19.58,0.62
60633,2019,39.6,28324,8.6,68.52,23.36,0.27
60638,2019,37.8,34676,12.28,74.19,3.95,0.55
60640,2019,36.8,36242,40.24,65.08,16.88,10.87
60649,2019,37.3,23829,13.98,3.82,93.44,0.34
60655,2019,39,53636,27.23,89.54,6.6,1.53
60661,2019,31.5,89233,72.79,63.55,4.32,28.49
60827,2019,32.3,23303,6.8,6.85,90.25,0.14
60631,2019,43.2,50244,26.91,87.96,1.18,3.49
60614,2019,30.5,67213,55.15,83.96,4.28,7.29
60615,2019,35.3,32746,34.16,31.08,54.81,8.6
60619,2019,40.9,23305,13.31,1.8,95.72,0.24
60621,2019,34.6,15672,5.19,2.22,95,0.24
60636,2019,41.3,18780,4.69,5.58,87.99,0.08
60639,2019,34,23463,7.18,46.61,13.54,1.45
60643,2019,43.6,33387,20.64,23.28,72.56,0.28
60647,2019,32,41029,38.17,77.53,5.78,3.57
60603,2019,31.2,65125,52.57,62.83,3.9,32.03
60607,2019,30.2,60709,50.61,58.52,14.34,21.66
60609,2019,32.3,21759,8.37,43.85,25.08,6.23
60625,2019,34.9,33056,31.94,65.27,4.83,13.58
60646,2019,43.6,45842,27.63,84.74,1.04,9.73
60652,2019,36.2,30582,12.02,29.1,45.62,1.06
60610,2019,33.4,66991,52.52,72.34,14.9,8.79
60622,2019,32,54818,53.12,80.36,6.46,4.67
60660,2019,36.2,31167,34.85,65.38,13.4,13.64
60602,2019,34.1,101190,75.2,64.1,4.28,21.4
60611,2019,38.9,78263,56.28,75.07,2.91,18.68
60616,2019,38,29646,31.36,31.47,23.65,39.51
60651,2019,33.5,22250,7.7,20.3,51.66,0.54
